village,taluk,district,census_code,lat,lng,name_ta,place_type
A.Mettupatti,,Tiruchirappalli,,10.50389,78.39951,,hamlet
Aanaiyur,,Tiruchirappalli,,10.61908,78.38425,,village
Aarasangudi,,Tiruchirappalli,,10.81910,78.81817,,village
Aattukaranpannai,,Tiruchirappalli,,10.91786,78.68113,,village
Abhinimangalam,,Tiruchirappalli,,11.06571,78.66900,,village
Adaikalanpatti,,Tiruchirappalli,,10.46770,78.44760,,hamlet
Adaikampatti,,Tiruchirappalli,,10.40705,78.40043,,village
Adanur,,Tiruchirappalli,,11.06146,78.57264,,village
Adavai Palayam,,Tiruchirappalli,,10.82072,78.60686,,village
Adavathur,,Tiruchirappalli,,10.81636,78.61902,அதவத்தூர்,village
Adhigudi,,Tiruchirappalli,,10.87397,78.85717,,village
Adikkampatty,,Tiruchirappalli,,10.53351,78.41829,,hamlet
Agalanganallurr,,Tiruchirappalli,,10.90137,78.81283,,village
Agraharam,,Tiruchirappalli,,10.91039,78.55130,,village
Akhilandampatti,,Tiruchirappalli,,11.06540,78.50663,,village
Akilandapuram,,Tiruchirappalli,,10.87576,78.73172,அகிலாண்டபுரம்,village
Akkaraipatti,,Tiruchirappalli,,10.95978,78.73071,,village
Akkiyampatti,,Tiruchirappalli,,10.35745,78.34649,,village
Akkulampatti,,Tiruchirappalli,,10.46184,78.45926,,hamlet
Alagakavundanpatti,,Tiruchirappalli,,10.43080,78.37425,,hamlet
Alaganpatti,,Tiruchirappalli,,10.49485,78.41082,,hamlet
Alagapatty,,Tiruchirappalli,,10.98429,78.44892,,village
Alagappanaickanpatti,,Tiruchirappalli,,10.70089,78.32778,,hamlet
Alagapuri,,Tiruchirappalli,,10.46656,78.47927,,village
Alagarai,,Tiruchirappalli,,10.98246,78.38906,,village
Alagiyamanavalam,,Tiruchirappalli,,10.90922,78.67458,,village
Alagugoundanpatti,,Tiruchirappalli,,10.47357,78.34430,,village
Alaguperumalpatti,,Tiruchirappalli,,10.99951,78.54505,,village
Alagureddiyapatti,,Tiruchirappalli,,10.68100,78.49536,,hamlet
Alambadi,,Tiruchirappalli,,10.90688,79.00047,,village
Alambakkam,,Tiruchirappalli,,10.92585,78.95526,,village
Alampalayam,,Tiruchirappalli,,10.99234,78.20334,ஆலம்பாளையம்,village
Alampatti,,Tiruchirappalli,,10.44907,78.35808,,hamlet
Alampatti Pudur,,Tiruchirappalli,,10.68980,78.52238,,village
Alangampatti,,Tiruchirappalli,,10.43369,78.36651,,hamlet
Alangudi Mahajanam,,Tiruchirappalli,,10.89202,78.92677,,village
Alathur,,Tiruchirappalli,,10.57993,78.35512,,village
Alattudaiyanpatti,,Tiruchirappalli,,11.21144,78.46730,,village
Alavanthanallur,,Tiruchirappalli,,10.83154,78.64450,ஆளவந்தான் நல்லூர்,village
Alingipallam,,Tiruchirappalli,,10.97451,78.43107,,village
Alinjikarai,,Tiruchirappalli,,10.91064,78.66181,,village
Alipatty,,Tiruchirappalli,,10.64642,78.41681,,village
Aliyapuram,,Tiruchirappalli,,11.01714,78.28113,,village
Allur,,Tiruchirappalli,,10.87107,78.63127,,village
Alttalapatty,,Tiruchirappalli,,10.98202,78.44289,,village
Alundalippur,,Tiruchirappalli,,11.05022,78.91308,,village
Alundur,,Tiruchirappalli,,10.68637,78.61237,,village
Amanakkampatti,,Tiruchirappalli,,10.51112,78.43526,,hamlet
Amarasur,,Tiruchirappalli,,11.01538,78.97805,அமரசூர்,village
Amaravatisalai,,Tiruchirappalli,,11.17196,78.41895,,village
Amayapuram,,Tiruchirappalli,,10.54125,78.36022,,hamlet
Ambalakaranpatti,,Tiruchirappalli,,10.42165,78.33823,,hamlet
Ambalakkapatti,,Tiruchirappalli,,10.62344,78.35230,,hamlet
Ambedkarnagar,,Tiruchirappalli,,10.88138,78.56418,,village
Amirtharayanallur,,Tiruchirappalli,,10.83223,78.64341,,hamlet
Ammachatiram,,Tiruchirappalli,,10.42793,78.33959,,hamlet
Ammampalaiyam,,Tiruchirappalli,,11.21176,78.62231,,village
Ammangudi,,Tiruchirappalli,,11.03653,78.37410,,village
Ammankoilpatti,,Tiruchirappalli,,10.49292,78.33644,,hamlet
Ammankovil Colony,,Tiruchirappalli,,11.08255,78.85998,,hamlet
Ammankudi,,Tiruchirappalli,,10.87423,78.59782,,village
Ammapalaiyam,,Tiruchirappalli,,11.07538,78.60474,,village
Ammapannai,,Tiruchirappalli,,10.40277,78.37664,,hamlet
Ammapatti,,Tiruchirappalli,,10.47410,78.53821,,hamlet
Ammapettai,,Tiruchirappalli,,10.72057,78.56100,,village
Amur,,Tiruchirappalli,,10.91522,78.54815,,village
Amyapuram,,Tiruchirappalli,,10.62779,78.34790,,village
Anaikalpatty,,Tiruchirappalli,,11.00036,78.24272,,village
Anaiparaikadu,,Tiruchirappalli,,10.97801,78.77467,,village
Anaipatti,,Tiruchirappalli,,10.96425,78.48448,,village
Analai,,Tiruchirappalli,,10.87460,78.56214,,village
Anandanur,,Tiruchirappalli,,10.91309,78.78060,,hamlet
Anandapuram,,Tiruchirappalli,,10.92309,78.89468,,hamlet
Anandimedu,,Tiruchirappalli,,10.85626,78.85321,,hamlet
Ananthanur,,Tiruchirappalli,,10.54642,78.45893,,hamlet
Anbil,,Tiruchirappalli,,10.86782,78.88473,அன்பில்,village
Anbil Padugai,,Tiruchirappalli,,10.85648,78.86594,,village
Andanallur,,Tiruchirappalli,,10.87278,78.60365,அந்தநல்லூர்,village
Andavarkovil,,Tiruchirappalli,,10.62534,78.43532,ஆண்டவர்க்கோவில்,hamlet
Andiapatti,,Tiruchirappalli,,10.43284,78.45852,,hamlet
Andigoundampatty,,Tiruchirappalli,,10.60575,78.37396,,hamlet
Andippatti,,Tiruchirappalli,,11.12716,78.37900,,village
Andoniyarkoiltheru,,Tiruchirappalli,,10.86363,78.61233,,hamlet
Andrapatti,,Tiruchirappalli,,10.94646,78.51082,,village
Angiyam,,Tiruchirappalli,,11.18338,78.44340,,village
Aniyapur,,Tiruchirappalli,,10.66442,78.32954,,village
Anjalam,,Tiruchirappalli,,11.07759,78.39481,,village
Anjalam Melur,,Tiruchirappalli,,11.08602,78.37983,,village
Anjalkaranpatti,,Tiruchirappalli,,10.56796,78.34975,,hamlet
Anna Nagar,,Tiruchirappalli,,10.41320,78.40204,,hamlet
Annampatty,,Tiruchirappalli,,10.55361,78.43088,,village
Annanagar,,Tiruchirappalli,,10.48245,78.56449,,hamlet
Annankaraipatti,,Tiruchirappalli,,10.51024,78.30499,,village
Annasamuthiram,,Tiruchirappalli,,10.52421,78.29733,,hamlet
Annukanatham,,Tiruchirappalli,,10.58078,78.31842,,village
Appadipatti,,Tiruchirappalli,,10.57596,78.43676,,hamlet
Appadurai,,Tiruchirappalli,,10.86842,78.73362,,village
Appanallur,,Tiruchirappalli,,11.04022,78.36843,,hamlet
Appanampatti,,Tiruchirappalli,,10.57035,78.32644,,hamlet
Appananallur,,Tiruchirappalli,,11.03377,78.39010,,village
Araippalaiyam,,Tiruchirappalli,,10.96645,78.69824,,village
Aramanaiyur,,Tiruchirappalli,,10.69534,78.31578,,hamlet
Arangoor,,Tiruchirappalli,,11.00379,78.35850,,village
Aranmanaimedu,,Tiruchirappalli,,10.86681,78.83450,,hamlet
Arappallipatti,,Tiruchirappalli,,11.24449,78.44822,,village
Arasalur,,Tiruchirappalli,,10.98425,78.31673,,village
Arasanampatti,,Tiruchirappalli,,10.41118,78.40750,,hamlet
Arasankadu,,Tiruchirappalli,,10.58800,78.44398,,hamlet
Arasapadi pannai,,Tiruchirappalli,,10.93197,78.70047,,village
Arasunilaipalayam,,Tiruchirappalli,,10.67334,78.34462,,village
Aravakkudi,,Tiruchirappalli,,10.75432,78.63374,,hamlet
Aravakurichipatti,,Tiruchirappalli,,10.72557,78.84675,,village
Aravankattur,,Tiruchirappalli,,11.05528,78.21188,,hamlet
Araychi,,Tiruchirappalli,,11.10157,78.46717,,village
Arinayanampettai,,Tiruchirappalli,,10.99174,78.38270,,village
Arisana natham,,Tiruchirappalli,,10.43903,78.35303,,hamlet
Arisana street,,Tiruchirappalli,,10.47113,78.46044,,hamlet
Arisanatheru,,Tiruchirappalli,,10.93586,78.70638,,village
Ariyagondanpatti,,Tiruchirappalli,,10.49902,78.38966,,hamlet
Ariyagoundampatti,,Tiruchirappalli,,10.56589,78.46073,,hamlet
Ariyamangalam Kuvzhalakudi,,Tiruchirappalli,,10.82072,78.72896,,village
Ariyampatti,,Tiruchirappalli,,10.51518,78.43243,,hamlet
Ariyur,,Tiruchirappalli,,10.87111,78.90912,,village
Arokiapuram,,Tiruchirappalli,,10.96468,78.93348,ஆரோக்கியபுரம்,village
Arunampatty,,Tiruchirappalli,,10.59903,78.34874,,hamlet
Aruvankadu,,Tiruchirappalli,,11.00566,78.47991,,village
Asoor,,Tiruchirappalli,,10.72374,78.85286,,village
Athampatty,,Tiruchirappalli,,10.56697,78.44955,,hamlet
Athanaparai,,Tiruchirappalli,,10.46333,78.42775,,hamlet
Athikaram,,Tiruchirappalli,,10.34718,78.38888,,hamlet
Athikaripatti,,Tiruchirappalli,,10.64131,78.29224,,hamlet
Athikulathupatti,,Tiruchirappalli,,10.53499,78.32220,,hamlet
Athupatti,,Tiruchirappalli,,10.50797,78.42033,,hamlet
Attukaranpatti,,Tiruchirappalli,,11.00261,78.54181,,hamlet
Avaikamanayakkanpatty,,Tiruchirappalli,,10.66331,78.51718,,hamlet
Avarampatti,,Tiruchirappalli,,10.58725,78.35749,அவரம்பட்டி,village
Avikalapatti,,Tiruchirappalli,,10.50070,78.54648,,hamlet
Avikkaranpatty,,Tiruchirappalli,,10.55167,78.40584,,hamlet
Ayanputhur,,Tiruchirappalli,,10.72619,78.73868,அயன்புத்தூர்,village
Ayeethampatty,,Tiruchirappalli,,10.97809,78.46166,,village
Ayenapatty,,Tiruchirappalli,,11.00073,78.36693,,village
Ayikudi,,Tiruchirappalli,,10.98261,78.75026,,village
Ayilapettai,,Tiruchirappalli,,10.84629,78.58242,,village
Ayyampalaiayam,,Tiruchirappalli,,11.10354,78.53605,,village
Ayyampalayam,,Tiruchirappalli,,10.92294,78.50420,,village
Ayyampatti,,Tiruchirappalli,,10.77582,78.81784,அய்யம்பட்டி,village
Ayyan thoppu,,Tiruchirappalli,,10.65859,78.62766,,hamlet
Ayyankadu,,Tiruchirappalli,,10.73054,78.61803,,hamlet
Ayyankulathupatti,,Tiruchirappalli,,10.95504,78.57676,,village
Ayyanporuvai,,Tiruchirappalli,,10.41114,78.48659,,village
Ayyanpudupati,,Tiruchirappalli,,10.46597,78.54516,,village
Azad Road,,Tiruchirappalli,,10.56551,78.33145,,hamlet
Badarpettai,,Tiruchirappalli,,11.19764,78.52302,,village
Balaji Nagar,,Tiruchirappalli,,10.92059,78.70266,,village
Balakaruthampatty,,Tiruchirappalli,,10.54754,78.39938,,hamlet
Balakrishnanpatti,,Tiruchirappalli,,11.23881,78.48561,,village
Balapatty,,Tiruchirappalli,,10.64923,78.47932,,village
Balappuram,,Tiruchirappalli,,11.00847,78.21904,,village
Balasamuthiram,,Tiruchirappalli,,10.99172,78.32448,,village
Bhutakkal,,Tiruchirappalli,,11.27560,78.58437,,village
Bommampatty,,Tiruchirappalli,,10.59323,78.36709,பொம்மம்பட்டி,village
Boomakayur,,Tiruchirappalli,,10.50721,78.22930,,hamlet
Bruns Colony,,Tiruchirappalli,,11.02275,78.99614,,hamlet
Burma Colony,,Tiruchirappalli,,10.73808,78.78041,,village
C.Arulapatti,,Tiruchirappalli,,10.45207,78.54770,,hamlet
Care Colony,,Tiruchirappalli,,10.98031,78.29795,,village
Chattiyapatti,,Tiruchirappalli,,10.41216,78.32162,,village
Chellampatti,,Tiruchirappalli,,10.49118,78.40853,,village
Chellankarai,,Tiruchirappalli,,10.97123,78.64310,,village
Chembalani,,Tiruchirappalli,,10.87916,78.75253,,hamlet
Chengalpatti,,Tiruchirappalli,,11.23772,78.44785,,village
Chetti Chathiram,,Tiruchirappalli,,10.69571,78.50680,,hamlet
Chettimangalam,,Tiruchirappalli,,10.91058,78.61349,,village
Chettiyapatti,,Tiruchirappalli,,10.70208,78.33078,,village
Chettiyarpettai,,Tiruchirappalli,,10.79668,78.83532,,village
Chettiyooranipatti,,Tiruchirappalli,,10.71124,78.59618,,hamlet
Chindampatti,,Tiruchirappalli,,10.99508,78.48684,,village
Chinna Aaithampatti,,Tiruchirappalli,,10.64170,78.32192,,hamlet
Chinna Iluppur,,Tiruchirappalli,,11.27509,78.69084,,village
Chinna Karugudi,,Tiruchirappalli,,11.14979,78.43842,,village
Chinna Karuppur,,Tiruchirappalli,,10.85428,78.60218,,village
Chinna Palamalai,,Tiruchirappalli,,11.22158,78.67968,,village
Chinna Samuthiram,,Tiruchirappalli,,10.65892,78.50304,,hamlet
Chinna Selampatti,,Tiruchirappalli,,11.09104,78.56490,,village
Chinna Suriyur,,Tiruchirappalli,,10.66863,78.75317,,village
Chinna Udayappatti,,Tiruchirappalli,,10.65229,78.41749,,hamlet
Chinna Velampatti,,Tiruchirappalli,,11.20675,78.44172,,hamlet
Chinna anaikaraipatti,,Tiruchirappalli,,10.58302,78.30372,,hamlet
Chinnachettiyapatti,,Tiruchirappalli,,10.68869,78.31909,,hamlet
Chinnakattukulam,,Tiruchirappalli,,10.95760,78.64974,,village
Chinnakodunthurai,,Tiruchirappalli,,10.95042,78.53004,,village
Chinnakonappampatti,,Tiruchirappalli,,11.09270,78.39769,,hamlet
Chinnakonekolathupatti,,Tiruchirappalli,,10.48408,78.40842,,hamlet
Chinnakoundampatti,,Tiruchirappalli,,10.51909,78.21713,,hamlet
Chinnakulathupatti,,Tiruchirappalli,,10.63839,78.32505,,hamlet
Chinnamareddipalaiyam,,Tiruchirappalli,,11.00843,78.77017,,village
Chinnamniyankurichy,,Tiruchirappalli,,10.42796,78.33683,,hamlet
Chinnapallipalayam,,Tiruchirappalli,,10.97765,78.19308,,village
Chinnarakampatti,,Tiruchirappalli,,10.48532,78.53445,,hamlet
Chinnaranpatti,,Tiruchirappalli,,10.40980,78.48140,,hamlet
Chinnavallam,,Tiruchirappalli,,11.28545,78.65142,,hamlet
Chinnavelakkanatham,,Tiruchirappalli,,10.97989,78.51353,,village
Chithakudipatty,,Tiruchirappalli,,10.63016,78.52476,,hamlet
Chithanatham,,Tiruchirappalli,,10.68692,78.50515,,village
Chithiraipatti,,Tiruchirappalli,,11.01337,78.47036,,village
Chittukurivinakan,,Tiruchirappalli,,10.46936,78.40955,,hamlet
Chockalingapuram,,Tiruchirappalli,,11.06944,78.85533,,village
Chokkalingapuram,,Tiruchirappalli,,11.07797,78.82219,,hamlet
Chokkampatti,,Tiruchirappalli,,10.65991,78.46002,,hamlet
Chokkanathapuram,,Tiruchirappalli,,11.11555,78.54455,,village
Cholamadevi,,Tiruchirappalli,,10.75879,78.76919,சோழமாதேவி,village
Cholamanagar,,Tiruchirappalli,,10.75463,78.75895,சோழமாநகர்,village
Cholan Nagar,,Tiruchirappalli,,10.76896,78.62119,,hamlet
Cholanganallur,,Tiruchirappalli,,10.93019,78.60864,,village
Coodalore,,Tiruchirappalli,,10.85239,78.65356,கூடலூர்,village
Cyclone Colony,,Tiruchirappalli,,10.97159,78.44835,,village
Cylone Colony,,Tiruchirappalli,,10.51205,78.56641,,hamlet
D.Poruvai,,Tiruchirappalli,,10.42580,78.50255,,hamlet
D.Pudupatti,,Tiruchirappalli,,10.42778,78.37561,,village
Dasarinayakkanur,,Tiruchirappalli,,10.67013,78.40862,,hamlet
Devadanam,,Tiruchirappalli,,10.99039,78.24542,,hamlet
Devagiri,,Tiruchirappalli,,11.03413,78.19744,,village
Devankudi,,Tiruchirappalli,,10.89801,78.88048,,village
Devanur,,Tiruchirappalli,,11.10045,78.44531,,village
Devanur Pudur,,Tiruchirappalli,,11.10941,78.43672,,village
Devarappampatti,,Tiruchirappalli,,11.09419,78.51279,,village
Devarayaneri,,Tiruchirappalli,,10.73710,78.85612,,village
Devarayappatti,,Tiruchirappalli,,11.16042,78.45099,,village
Devarpuram,,Tiruchirappalli,,10.96403,78.59448,,village
Devathanam,,Tiruchirappalli,,10.88198,78.70403,,village
Devimangalam,,Tiruchirappalli,,10.96791,78.73586,,village
Dharmanathapuram,,Tiruchirappalli,,10.90820,78.78356,,village
Dharmapuram,,Tiruchirappalli,,10.55849,78.28272,,hamlet
Dhindukarai,,Tiruchirappalli,,10.87888,78.58762,,village
Eachampatti,,Tiruchirappalli,,10.92640,78.72713,,village
Eachampatti Keelur,,Tiruchirappalli,,10.92000,78.64975,,village
Eachampatti Melur,,Tiruchirappalli,,10.91517,78.64730,,village
East chithirapuram,,Tiruchirappalli,,11.13593,78.42329,,village
Edaiyapatti,,Tiruchirappalli,,10.62438,78.34842,,village
Edatheru,,Tiruchirappalli,,10.98514,78.58783,,village
Edayapatti,,Tiruchirappalli,,10.47376,78.37097,,village
Edayapattiyanpatty,,Tiruchirappalli,,10.59800,78.39185,,hamlet
Edumalai,,Tiruchirappalli,,11.05064,78.72322,,village
Egirimangalam,,Tiruchirappalli,,10.83818,78.62940,,village
Ekkachimedu,,Tiruchirappalli,,10.36206,78.38670,,hamlet
Elamanam,,Tiruchirappalli,,10.49385,78.27606,,hamlet
Elamankudi,,Tiruchirappalli,,10.86591,78.80658,,hamlet
Elamanur,,Tiruchirappalli,,10.87876,78.57172,,village
Elangurichi,,Tiruchirappalli,,10.54079,78.33155,,village
Elanthamadaipudur,,Tiruchirappalli,,11.00065,78.28445,,hamlet
Elanthapatti,,Tiruchirappalli,,10.70313,78.79773,,village
Ellaiammankovilpatti,,Tiruchirappalli,,10.55434,78.33331,,hamlet
Ellakkudi,,Tiruchirappalli,,10.80628,78.75040,,village
Eluppaiyur,,Tiruchirappalli,,11.07506,78.60572,,hamlet
Elurpatti,,Tiruchirappalli,,11.02237,78.28504,ஏலூர்பட்டி,village
Elushipatti,,Tiruchirappalli,,10.49061,78.33633,,hamlet
Endapuli,,Tiruchirappalli,,10.43688,78.32620,,hamlet
Eniya Thoppampatty,,Tiruchirappalli,,10.55409,78.43500,,hamlet
Enjur,,Tiruchirappalli,,10.89623,78.74268,,village
Eragudi,,Tiruchirappalli,,11.18749,78.50313,,village
Erangudi,,Tiruchirappalli,,10.67114,78.57000,,village
Erikkadu,,Tiruchirappalli,,11.28886,78.47771,,village
Erikulam,,Tiruchirappalli,,10.98501,78.36342,,village
Erumaippatti,,Tiruchirappalli,,11.26495,78.62879,,hamlet
Esanakorai,,Tiruchirappalli,,10.87008,78.74387,,village
Esanapatty,,Tiruchirappalli,,10.74459,78.62773,,village
Essanakkotai,,Tiruchirappalli,,10.87002,78.75290,,village
Ettarai,,Tiruchirappalli,,10.83366,78.59304,எட்டரை,village
Ettarai Palayam,,Tiruchirappalli,,10.83019,78.60005,,village
Ettumanthidal,,Tiruchirappalli,,10.83263,78.63586,,village
Evur,,Tiruchirappalli,,10.92728,78.51743,,village
Evur Pallattervu,,Tiruchirappalli,,10.92876,78.51324,,village
F.Keelaiyur,,Tiruchirappalli,,10.56844,78.45657,,village
Fathima Nagar,,Tiruchirappalli,,10.67407,78.60219,,village
Fathimapudur,,Tiruchirappalli,,10.59003,78.36338,,village
Ganapatipalaiyam,,Tiruchirappalli,,11.00822,78.20579,,village
Gandhi Nagar,,Tiruchirappalli,,10.54679,78.29096,,hamlet
Gandhinagar,,Tiruchirappalli,,10.71486,78.61731,,village
Ganesapuram,,Tiruchirappalli,,10.98236,78.20470,,hamlet
Garudamangalam,,Tiruchirappalli,,11.08307,78.92065,,village
Gautharasanallur,,Tiruchirappalli,,10.83831,78.80707,,village
Gavundampatti,,Tiruchirappalli,,10.39995,78.43121,,hamlet
Gopavali,,Tiruchirappalli,,10.87489,78.85156,,village
Gopurapatti,,Tiruchirappalli,,10.90536,78.66862,,village
Goundampatti,,Tiruchirappalli,,10.42907,78.37115,,hamlet
Goundampatti Keelur,,Tiruchirappalli,,10.94372,78.62851,,village
Goundampatti Melur,,Tiruchirappalli,,10.94271,78.62344,,village
Govindapuram,,Tiruchirappalli,,11.03986,78.31102,,hamlet
Gudalur,,Tiruchirappalli,,10.97085,78.88806,,village
Gunaseelam,,Tiruchirappalli,,10.90171,78.56944,,village
Gundur,,Tiruchirappalli,,11.24441,78.61377,,hamlet
Hrudayapuram,,Tiruchirappalli,,10.92984,78.88729,,hamlet
Ichampatti,,Tiruchirappalli,,11.08104,78.58886,,village
Ichandipatti,,Tiruchirappalli,,10.49125,78.46489,,hamlet
Idaikattanur,,Tiruchirappalli,,10.54162,78.29974,,hamlet
Idaiyappatti,,Tiruchirappalli,,11.02478,78.51169,,village
Idaiyattumangalam,,Tiruchirappalli,,10.85299,78.80699,,village
Idayapatti,,Tiruchirappalli,,10.67324,78.48326,,village
Ikkaraikosikurichi,,Tiruchirappalli,,10.36116,78.30642,,village
Iluppaiyur,,Tiruchirappalli,,11.06480,78.63417,,village
Iluppur,,Tiruchirappalli,,11.17970,78.41721,,village
Inamkalpalayam,,Tiruchirappalli,,10.91656,78.70967,,village
Inamkulathur,,Tiruchirappalli,,10.70540,78.55065,இனாம்குளத்தூர்,village
Inampudur,,Tiruchirappalli,,10.72151,78.29022,,village
Inamrediapatti,,Tiruchirappalli,,10.59550,78.32750,,village
Indira Colony,,Tiruchirappalli,,11.07403,78.45492,,hamlet
Indira nagar,,Tiruchirappalli,,11.03195,79.00427,,village
Indra Colony,,Tiruchirappalli,,11.07419,78.45558,,village
Ingumampatti,,Tiruchirappalli,,10.55248,78.43690,,hamlet
Itchimarathupatti,,Tiruchirappalli,,10.55846,78.30267,,hamlet
Iyenrediapatti,,Tiruchirappalli,,10.53796,78.32522,,village
J P Nagar,,Tiruchirappalli,,10.64905,78.48890,,hamlet
JJ Nagar,,Tiruchirappalli,,10.37377,78.33469,,hamlet
Jadamangalam,,Tiruchirappalli,,11.11244,78.38114,,village
Jambumadai,,Tiruchirappalli,,11.12804,78.39011,,village
Jambunathapuram,,Tiruchirappalli,,11.03960,78.50349,,village
Jangammarajapuram,,Tiruchirappalli,,10.87583,78.86686,,village
Javandinathapuram,,Tiruchirappalli,,10.85484,78.80154,,hamlet
Jayamkondam,,Tiruchirappalli,,11.02216,78.52748,,village
Jeeyapuram,,Tiruchirappalli,,10.87403,78.60649,ஜீயபுரம்,village
K Melakottam,,Tiruchirappalli,,10.99313,78.62036,,village
K Mettupatti,,Tiruchirappalli,,10.42339,78.36028,,hamlet
Kadappamarathupatti,,Tiruchirappalli,,10.62537,78.28416,,hamlet
Kadiampatti,,Tiruchirappalli,,10.44847,78.35898,,hamlet
Kadiyakuruchi,,Tiruchirappalli,,10.86834,78.61447,,village
Kadukkathurai,,Tiruchirappalli,,10.90040,78.66262,,village
Kadupatti,,Tiruchirappalli,,11.00163,78.25242,,hamlet
Kaduvetti,,Tiruchirappalli,,10.98956,78.24971,,village
Kaikatti,,Tiruchirappalli,,10.48399,78.46619,,hamlet
Kaikudi,,Tiruchirappalli,,10.85913,78.64454,,village
Kaippatti,,Tiruchirappalli,,11.10604,78.59312,,village
Kalapalayathanpatti,,Tiruchirappalli,,10.57330,78.39927,,village
Kalarpatti,,Tiruchirappalli,,10.50424,78.49234,,hamlet
Kalathil Vendrar Pettai,,Tiruchirappalli,,10.88859,78.93644,,village
Kalathurampatti,,Tiruchirappalli,,10.62690,78.33367,,village
Kalattupatti,,Tiruchirappalli,,10.65441,78.43190,,hamlet
Kalattuppatti,,Tiruchirappalli,,10.57873,78.35028,,hamlet
Kalattur,,Tiruchirappalli,,10.92183,78.97277,,hamlet
Kalavaipatti,,Tiruchirappalli,,10.95919,78.65633,,village
Kaliamman Kovilpatti,,Tiruchirappalli,,10.65808,78.29633,,hamlet
Kalingamudaiyampatti,,Tiruchirappalli,,11.14843,78.56212,,village
Kalingankadu,,Tiruchirappalli,,10.79480,78.61588,,hamlet
Kalingapatti,,Tiruchirappalli,,10.68273,78.51600,,hamlet
Kalingapatty,,Tiruchirappalli,,10.54998,78.36853,,hamlet
Kalingappatti,,Tiruchirappalli,,10.72296,78.61419,,hamlet
Kaliyampatti,,Tiruchirappalli,,11.08977,78.57886,,village
Kaliyapalayam,,Tiruchirappalli,,10.92230,78.50970,,village
Kalkarai,,Tiruchirappalli,,11.05642,78.95102,,village
Kalkothampatti,,Tiruchirappalli,,10.61695,78.33339,,hamlet
Kalkothanur,,Tiruchirappalli,,10.56820,78.32110,,hamlet
Kalladippatti,,Tiruchirappalli,,11.05203,78.56954,,village
Kallagam,,Tiruchirappalli,,11.02713,79.00005,கல்லகம்,village
Kallakavundanpatti,,Tiruchirappalli,,10.58487,78.34949,,hamlet
Kallakkampatti,,Tiruchirappalli,,10.41172,78.36848,,village
Kallakkudi,,Tiruchirappalli,,10.97684,78.95132,கல்லக்குடி,village
Kallampatti,,Tiruchirappalli,,10.46872,78.26982,,hamlet
Kallanguttur,,Tiruchirappalli,,11.21787,78.46333,,village
Kalligudi,,Tiruchirappalli,,10.88730,78.92964,,village
Kallikadu,,Tiruchirappalli,,10.67498,78.47756,,hamlet
Kallikattupatti,,Tiruchirappalli,,10.50306,78.24486,,hamlet
Kallikkudi,,Tiruchirappalli,,11.10547,78.51493,,village
Kallikudi,,Tiruchirappalli,,10.77054,78.62723,கள்ளிக்குடி,village
Kallipatti Vadakku,,Tiruchirappalli,,10.62365,78.46320,,hamlet
Kallippatti,,Tiruchirappalli,,11.05495,78.29983,,hamlet
Kallupatti,,Tiruchirappalli,,10.42974,78.43368,,village
Kallupatty,,Tiruchirappalli,,10.98757,78.39208,,village
Kalluppatti,,Tiruchirappalli,,11.06336,78.29280,,hamlet
Kallur,,Tiruchirappalli,,10.91199,78.57307,,village
Kallurpatti,,Tiruchirappalli,,11.01492,78.25319,,village
Kalluteru,,Tiruchirappalli,,10.70979,78.57721,,hamlet
Kalpalaiyam,,Tiruchirappalli,,10.96609,78.77605,,village
Kalpalayam,,Tiruchirappalli,,10.96604,78.77601,,village
Kalpara,,Tiruchirappalli,,11.09189,78.36799,,hamlet
Kalpattichatiram,,Tiruchirappalli,,10.51357,78.21959,,hamlet
Kalpatty,,Tiruchirappalli,,10.51436,78.21412,,hamlet
Kamakshipuram,,Tiruchirappalli,,11.18088,78.53002,,village
Kamalapuram,,Tiruchirappalli,,11.06822,78.29837,,hamlet
Kamalapuram Pudur,,Tiruchirappalli,,11.02146,78.33489,,hamlet
Kamanayakkanpalaiyam,,Tiruchirappalli,,10.89955,78.50860,,village
Kamaraj Nagar,,Tiruchirappalli,,10.64978,78.50330,,hamlet
Kamarajapuram,,Tiruchirappalli,,10.87863,78.76797,,village
Kamarajnagar,,Tiruchirappalli,,10.87888,78.56354,,village
Kamatchipatti,,Tiruchirappalli,,10.98391,78.49804,,village
Kambakarattupannai,,Tiruchirappalli,,10.94281,78.68017,,village
Kambalathupatti,,Tiruchirappalli,,10.56631,78.28694,,hamlet
Kambarasampettai,,Tiruchirappalli,,10.85113,78.67158,கம்பரசம்பேட்டை,village
Kambiliyanpatty,,Tiruchirappalli,,10.48167,78.36724,,hamlet
Kambur,,Tiruchirappalli,,11.30905,78.60930,,village
Kanagaseelampatti,,Tiruchirappalli,,10.98978,78.49655,,hamlet
Kanakkiliyanur,,Tiruchirappalli,,10.99487,78.88085,,village
Kanakkupillaipatti,,Tiruchirappalli,,10.56267,78.29211,,hamlet
Kanakupillaiyur,,Tiruchirappalli,,10.61927,78.35654,,hamlet
Kanappadi,,Tiruchirappalli,,11.25788,78.59840,,village
Kanavaipatty,,Tiruchirappalli,,10.46941,78.38374,,hamlet
Kandalur,,Tiruchirappalli,,10.67766,78.80998,,village
Kangambalsamuthiram,,Tiruchirappalli,,10.97322,78.32112,,hamlet
Kanganippatti,,Tiruchirappalli,,11.15248,78.52209,,village
Kanjampatti,,Tiruchirappalli,,11.12826,78.34635,,hamlet
Kanjanaickenpatti,,Tiruchirappalli,,10.41419,78.32462,,village
Kanjirimalai,,Tiruchirappalli,,11.34528,78.53416,,village
Kannagudi,,Tiruchirappalli,,10.96870,78.85579,,village
Kannagudi Colony,,Tiruchirappalli,,10.99685,78.85514,,hamlet
Kannanur,,Tiruchirappalli,,11.08158,78.54654,கண்ணனூர்,village
Kannarappatti,,Tiruchirappalli,,11.06035,78.21177,,hamlet
Kannathu,,Tiruchirappalli,,10.46525,78.27084,,village
Kannimarpalayam,,Tiruchirappalli,,10.71311,78.28875,,hamlet
Kannimettupatti,,Tiruchirappalli,,10.50121,78.40831,,hamlet
Kannipatti,,Tiruchirappalli,,10.50431,78.41451,,hamlet
Kannirasapatti,,Tiruchirappalli,,10.51159,78.40684,,hamlet
Kannivadugappati,,Tiruchirappalli,,10.51158,78.42344,,hamlet
Kanniyakudi,,Tiruchirappalli,,10.99423,78.73548,,village
Kannudayanpatti,,Tiruchirappalli,,10.63739,78.47175,,village
Kannukuzhi,,Tiruchirappalli,,10.44618,78.57028,,village
Kappakudi,,Tiruchirappalli,,10.40833,78.62225,,hamlet
Kappayyapuram,,Tiruchirappalli,,10.64666,78.40055,,hamlet
Karadipatty,,Tiruchirappalli,,10.40231,78.33370,,village
Karaikalam,,Tiruchirappalli,,10.48031,78.32322,,hamlet
Karaipatti,,Tiruchirappalli,,10.39205,78.36979,,village
Karalavali,,Tiruchirappalli,,11.02269,78.42609,,hamlet
Karalavili,,Tiruchirappalli,,10.92209,78.54069,,village
Karambaikadu,,Tiruchirappalli,,10.51192,78.39324,,hamlet
Karanipatti,,Tiruchirappalli,,10.48826,78.46995,,hamlet
Karappudayanpatti,,Tiruchirappalli,,11.28616,78.50143,,village
Karattampatti,,Tiruchirappalli,,11.06355,78.60076,,village
Karattupatti,,Tiruchirappalli,,10.67709,78.32320,,hamlet
Karattuppatti,,Tiruchirappalli,,11.01500,78.24559,,hamlet
Karattur,,Tiruchirappalli,,11.16846,78.53084,,village
Karayampatti,,Tiruchirappalli,,10.69248,78.50773,,village
Kargudi,,Tiruchirappalli,,11.14806,78.43494,,village
Kariampatti,,Tiruchirappalli,,10.50604,78.21746,கரியம்பட்டி,hamlet
Karikali,,Tiruchirappalli,,11.16653,78.46292,,village
Kariyamanikkam,,Tiruchirappalli,,11.00839,78.73077,,village
Karukkumadai,,Tiruchirappalli,,11.01275,78.20311,,hamlet
Karumakoundampatti,,Tiruchirappalli,,10.62418,78.37565,,village
Karumalai,,Tiruchirappalli,,10.42398,78.36593,,village
Karumalai Edayapatty,,Tiruchirappalli,,10.48242,78.37201,,hamlet
Karumpulipatty,,Tiruchirappalli,,10.65195,78.40519,,village
Karunaickanoor,,Tiruchirappalli,,10.52377,78.47575,,hamlet
Karunampatty,,Tiruchirappalli,,10.52390,78.19130,,hamlet
Karuncholaipatty,,Tiruchirappalli,,10.45454,78.35891,,hamlet
Karungadu,,Tiruchirappalli,,11.02703,78.23233,,village
Karungalpatty,,Tiruchirappalli,,10.71777,78.34383,,hamlet
Karunkulam,,Tiruchirappalli,,10.56799,78.29937,கருங்குளம்,village
Karupampatti,,Tiruchirappalli,,11.24423,78.46136,,village
Karuppakoilpatti,,Tiruchirappalli,,10.52600,78.40322,,hamlet
Karuppampatti,,Tiruchirappalli,,11.16231,78.53500,,village
Karuppanapatti,,Tiruchirappalli,,11.00263,78.39307,,village
Karuppur,,Tiruchirappalli,,10.49135,78.33080,,village
Karuthakodangipatti,,Tiruchirappalli,,10.47612,78.32068,,hamlet
Karuthalampatti,,Tiruchirappalli,,10.98614,78.49354,,village
Karuvankadu,,Tiruchirappalli,,11.28412,78.58492,,village
Karuvarathampatty,,Tiruchirappalli,,10.52220,78.43848,,hamlet
Karvadi,,Tiruchirappalli,,10.48205,78.42636,,village
Kaspapoigaipatti,,Tiruchirappalli,,10.56587,78.40857,,village
Kasthuripatti,,Tiruchirappalli,,10.56731,78.41928,,hamlet
Kasturippatti,,Tiruchirappalli,,11.05968,78.48079,,village
Katchakaranpannai,,Tiruchirappalli,,10.93418,78.67824,,village
Katchakaranpatti,,Tiruchirappalli,,10.66782,78.32221,,hamlet
Kathikaranpatti,,Tiruchirappalli,,10.66387,78.32243,,hamlet
Kathikaranpatty,,Tiruchirappalli,,10.66272,78.51049,,village
Kathiyampatti,,Tiruchirappalli,,10.99132,78.48702,,village
Kattakampatti,,Tiruchirappalli,,10.49088,78.21665,,hamlet
Kattanampatti,,Tiruchirappalli,,11.06669,78.55885,,village
Kattapalli,,Tiruchirappalli,,11.22350,78.49110,,village
Kattapichampatti,,Tiruchirappalli,,10.48466,78.31058,,hamlet
Kattaripatti,,Tiruchirappalli,,10.53033,78.47834,,hamlet
Kattayampatti,,Tiruchirappalli,,10.67579,78.33992,,village
Kattukulam,,Tiruchirappalli,,10.96430,78.63750,,village
Kattumariyammankovil,,Tiruchirappalli,,10.98708,78.40451,,hamlet
Kattupputtur,,Tiruchirappalli,,10.99374,78.21948,காட்டுப்புத்தூர்,village
Kattur,,Tiruchirappalli,,10.89661,78.85235,,village
Kavakkarappatti,,Tiruchirappalli,,11.04491,78.72730,,village
Kavalakaranpatti,,Tiruchirappalli,,10.41984,78.33712,,hamlet
Kavalkaranpatty,,Tiruchirappalli,,10.51406,78.38189,,village
Kavalkarapalaiyam,,Tiruchirappalli,,10.89756,78.52195,,village
Kavandampatti,,Tiruchirappalli,,10.38111,78.33550,,hamlet
Kavarampatti,,Tiruchirappalli,,11.02625,78.24471,,village
Kavarapatti,,Tiruchirappalli,,10.63646,78.31895,,hamlet
Kaverinagar,,Tiruchirappalli,,10.73649,78.77341,,village
Kaveripalayam,,Tiruchirappalli,,10.94339,78.57516,,village
Kaverippatti,,Tiruchirappalli,,11.13743,78.50621,,village
Kavulappannai,,Tiruchirappalli,,10.48761,78.29092,,hamlet
Kavundanpalaiyam,,Tiruchirappalli,,11.20899,78.51007,,village
Kavundanur,,Tiruchirappalli,,11.02360,78.21218,,hamlet
Kavuttanayakkanpatti,,Tiruchirappalli,,10.70952,78.60262,,hamlet
Kedankudi,,Tiruchirappalli,,10.54941,78.30580,,hamlet
Keela Echampatty,,Tiruchirappalli,,10.53349,78.36717,,hamlet
Keela mullakkudi,,Tiruchirappalli,,10.83329,78.73812,,village
Keelaeruthigoundanpatti,,Tiruchirappalli,,10.57767,78.42448,,hamlet
Keelakadu,,Tiruchirappalli,,10.51698,78.54763,,hamlet
Keelakalam,,Tiruchirappalli,,10.63886,78.47335,,hamlet
Keelakalamalai,,Tiruchirappalli,,10.82311,78.74502,,village
Keelakannukulam,,Tiruchirappalli,,10.95693,78.60104,,village
Keelakarrikadu,,Tiruchirappalli,,10.97184,78.30842,,hamlet
Keelakarthigaipatty4,,Tiruchirappalli,,10.99172,78.31918,,village
Keelakottam,,Tiruchirappalli,,11.04177,78.55405,,village
Keelamangavanam,,Tiruchirappalli,,10.78354,78.86223,,hamlet
Keelamedu,,Tiruchirappalli,,10.80344,78.56671,,hamlet
Keelamoolangudi,,Tiruchirappalli,,10.84256,78.60161,,village
Keelapachampatti,,Tiruchirappalli,,10.96813,78.56527,,village
Keelapachery,,Tiruchirappalli,,10.86320,78.63617,,village
Keelapallam,,Tiruchirappalli,,10.99613,78.46305,,village
Keelapaluvanji,,Tiruchirappalli,,10.46924,78.46366,,hamlet
Keelapoigaipatti,,Tiruchirappalli,,10.58211,78.42811,,hamlet
Keelasrinivasanallur,,Tiruchirappalli,,10.97436,78.37211,,village
Keelavalady,,Tiruchirappalli,,10.87279,78.76668,,hamlet
Keelavangaram,,Tiruchirappalli,,10.96736,78.74823,,village
Keelavelikadu,,Tiruchirappalli,,10.99297,78.25262,,village
Keelavellakulathupatti,,Tiruchirappalli,,10.52858,78.32100,,hamlet
Keelpathu,,Tiruchirappalli,,10.85225,78.62548,,village
Keelur,,Tiruchirappalli,,10.98571,78.60959,,village
Keelvalpatti,,Tiruchirappalli,,10.40799,78.38072,,hamlet
Keeramangalam,,Tiruchirappalli,,10.87802,78.72656,,hamlet
Keeranipatti,,Tiruchirappalli,,10.39561,78.50104,,village
Keeranur,,Tiruchirappalli,,10.50576,78.20400,,hamlet
Keerikalmedu,,Tiruchirappalli,,10.78582,78.57659,,village
Kembiyampatti,,Tiruchirappalli,,11.11566,78.54267,,village
Kenipalam,,Tiruchirappalli,,11.02806,78.43859,,village
Kenippallam,,Tiruchirappalli,,11.03138,78.44871,,village
Kesariyur,,Tiruchirappalli,,11.05202,78.20931,,village
Kesavambalakaranur,,Tiruchirappalli,,10.50444,78.30140,,hamlet
Kidaram,,Tiruchirappalli,,11.05012,78.17805,,village
Kil Ambil,,Tiruchirappalli,,10.86660,78.88913,,hamlet
Kil Ammapettai,,Tiruchirappalli,,10.72476,78.56849,,hamlet
Kil Arasur,,Tiruchirappalli,,11.01250,78.98255,கீழரசூர்,village
Kil Ariyampatti,,Tiruchirappalli,,10.89254,78.47236,,hamlet
Kil Karai,,Tiruchirappalli,,11.30640,78.63218,,village
Kil Kunnuppatti,,Tiruchirappalli,,11.12455,78.64714,,village
Kil Marimangalam,,Tiruchirappalli,,10.91342,78.80047,,village
Kil Poduvarpatti,,Tiruchirappalli,,10.67263,78.43640,,hamlet
Kil Tottiyappatti,,Tiruchirappalli,,11.01214,78.47298,,village
Kil vangaram,,Tiruchirappalli,,10.97448,78.75824,,hamlet
Kilakkuvadi,,Tiruchirappalli,,11.15131,78.63703,,village
Kilappatti,,Tiruchirappalli,,10.70053,78.55607,,village
Kilavanpatti,,Tiruchirappalli,,10.56106,78.45683,,hamlet
Kilikoodu,,Tiruchirappalli,,10.83696,78.81165,,village
Kilinjanattam,,Tiruchirappalli,,11.01693,78.35661,,village
Kiliyanallur,,Tiruchirappalli,,10.89248,78.61924,,village
Kiliyanur,,Tiruchirappalli,,11.05729,78.53165,,village
Kiliyur,,Tiruchirappalli,,10.82384,78.85224,,village
Kilpatti,,Tiruchirappalli,,11.00806,78.69308,,village
Kilperungarur,,Tiruchirappalli,,10.89189,78.77498,,village
Kinattur,,Tiruchirappalli,,11.27798,78.66374,,village
Kirambur,,Tiruchirappalli,,11.16686,78.62628,,village
Kiripatti,,Tiruchirappalli,,11.23980,78.45403,,hamlet
Kirippatti,,Tiruchirappalli,,11.06226,78.55272,,village
Kodaikonapatti,,Tiruchirappalli,,10.42571,78.34653,,hamlet
Kodambarai,,Tiruchirappalli,,10.44622,78.47669,,hamlet
Kodanayakkanpatti,,Tiruchirappalli,,10.66879,78.39150,,hamlet
Kodayagoundanpatti,,Tiruchirappalli,,10.55306,78.45667,,hamlet
Kodiyalam,,Tiruchirappalli,,10.86650,78.58376,,village
Kodiyampalayam,,Tiruchirappalli,,10.97493,78.38064,,village
Kodumbapatti,,Tiruchirappalli,,10.45312,78.53523,,hamlet
Kodurpatti,,Tiruchirappalli,,11.05081,78.53791,,village
Kokkarasampettai,,Tiruchirappalli,,10.81239,78.75192,,village
Kolakaranpatti,,Tiruchirappalli,,10.55389,78.43668,,hamlet
Kolakkudi,,Tiruchirappalli,,11.02890,78.38572,,village
Kolakudipatty,,Tiruchirappalli,,10.99897,78.38349,,village
Kolarpatti,,Tiruchirappalli,,10.69472,78.65674,,village
Kolavaippatti,,Tiruchirappalli,,10.67134,78.68021,,hamlet
Kolisangampatty,,Tiruchirappalli,,11.03708,78.25104,,village
Kollappatti,,Tiruchirappalli,,11.13036,78.56602,,village
Kollukattipalayam,,Tiruchirappalli,,10.94519,78.50750,,village
Kollumedu,,Tiruchirappalli,,10.90124,78.92630,,village
Kolunthampatti,,Tiruchirappalli,,10.43533,78.53793,,hamlet
Komagudi,,Tiruchirappalli,,10.89754,78.88235,,village
Komaliyur,,Tiruchirappalli,,11.01522,78.47019,,hamlet
Komangalam,,Tiruchirappalli,,10.95431,78.56284,,village
Kombai pudur,,Tiruchirappalli,,11.18495,78.65514,,village
Kombaipatti,,Tiruchirappalli,,10.51412,78.31315,,hamlet
Konalai,,Tiruchirappalli,,10.98307,78.76558,,village
Konappadai,,Tiruchirappalli,,11.17745,78.56538,,village
Konappampatti,,Tiruchirappalli,,11.09579,78.38947,,village
Konar Othapatty,,Tiruchirappalli,,10.54262,78.34662,,hamlet
Konarpatti,,Tiruchirappalli,,10.51028,78.44468,,hamlet
Kondayampatti,,Tiruchirappalli,,10.40064,78.36801,,village
Konerippatti,,Tiruchirappalli,,11.18914,78.44987,,village
Kongampatti,,Tiruchirappalli,,11.00500,78.26068,,hamlet
Kongippatti,,Tiruchirappalli,,11.16799,78.44928,,village
Konnaikudi,,Tiruchirappalli,,10.87147,78.87546,,village
Konnampatti,,Tiruchirappalli,,10.48843,78.28549,,hamlet
Koodapalli,,Tiruchirappalli,,10.88440,78.67780,,village
Koonarkkampatty,,Tiruchirappalli,,10.98775,78.26242,,village
Koothapar,,Tiruchirappalli,,10.79687,78.79288,கூத்தப்பார்,village
Koothur,,Tiruchirappalli,,10.88484,78.71428,,village
Koppampatti,,Tiruchirappalli,,11.29401,78.49617,,village
Koppu,,Tiruchirappalli,,10.84272,78.58532,கோப்பு,village
Koraiapatti,,Tiruchirappalli,,10.51432,78.46333,,hamlet
Kosavampatti,,Tiruchirappalli,,11.00130,78.33603,,village
Kosavapatti,,Tiruchirappalli,,10.56051,78.28875,,hamlet
Kosayitheru,,Tiruchirappalli,,10.87220,78.61294,,village
Kosipatti,,Tiruchirappalli,,10.43891,78.33100,,hamlet
Kothurpatti,,Tiruchirappalli,,11.04766,78.53751,,village
Kottaikaranpatti,,Tiruchirappalli,,10.41186,78.43946,,hamlet
Kottaikeelayur,,Tiruchirappalli,,10.57416,78.45268,,hamlet
Kottaipaluvanji,,Tiruchirappalli,,10.46981,78.43262,,hamlet
Kottaipatti,,Tiruchirappalli,,10.50057,78.43508,,hamlet
Kottaiyur,,Tiruchirappalli,,11.15899,78.55181,,village
Kottakkaranpatti,,Tiruchirappalli,,10.58308,78.40423,,hamlet
Kottamangalam,,Tiruchirappalli,,10.89151,78.85737,,village
Kottampatti,,Tiruchirappalli,,11.11532,78.57061,,village
Kottapatty,,Tiruchirappalli,,10.66618,78.42212,,village
Kottapatty Pudur,,Tiruchirappalli,,10.66465,78.41457,,hamlet
Kottapolampatti,,Tiruchirappalli,,10.63582,78.29286,,hamlet
Kottappalaiyam,,Tiruchirappalli,,11.25935,78.48957,,village
Kottatheru,,Tiruchirappalli,,10.47481,78.36391,,hamlet
Kottattur,,Tiruchirappalli,,11.10362,78.67361,,village
Kottayampatti,,Tiruchirappalli,,10.47099,78.34140,,hamlet
Kottukalampatti,,Tiruchirappalli,,10.62739,78.31308,,hamlet
Kottur,,Tiruchirappalli,,10.92145,78.53341,,village
Koundappanaickanpatti,,Tiruchirappalli,,10.70431,78.32911,,hamlet
Kovandakurichi,,Tiruchirappalli,,10.93837,78.94024,,village
Kovathakudi,,Tiruchirappalli,,10.90466,78.65520,,village
Koviladianpatty,,Tiruchirappalli,,10.44948,78.55060,,hamlet
Kovilkalam,,Tiruchirappalli,,10.52711,78.48951,,hamlet
Kovilpatti,,Tiruchirappalli,,10.51220,78.48226,கோவில்பட்டி,village
Kovilur,,Tiruchirappalli,,10.87971,78.56796,,hamlet
Koyyarpati,,Tiruchirappalli,,10.78873,78.83808,,village
Koyyathoppu,,Tiruchirappalli,,10.80571,78.59475,,hamlet
Krishnakoundanur,,Tiruchirappalli,,10.66149,78.27132,,hamlet
Krishnapuram,,Tiruchirappalli,,11.22845,78.52938,,village
Krishnasamuthiram,,Tiruchirappalli,,10.79781,78.80684,,village
Kuchillyampatti,,Tiruchirappalli,,10.68800,78.59219,,hamlet
Kuditheru,,Tiruchirappalli,,10.87321,78.60061,,village
Kukur,,Tiruchirappalli,,10.84397,78.83441,,village
Kulakkudi,,Tiruchirappalli,,10.98931,78.84579,,village
Kulalampatti,,Tiruchirappalli,,10.38173,78.51153,,hamlet
Kulathupalayam,,Tiruchirappalli,,11.01679,78.21817,குலத்துபாலயம்,village
Kulathupatti,,Tiruchirappalli,,10.48428,78.28654,,hamlet
Kulavaipatti,,Tiruchirappalli,,10.42296,78.42345,,village
Kulavayppatti,,Tiruchirappalli,,10.66234,78.48041,,hamlet
Kulumani,,Tiruchirappalli,,10.84492,78.59521,குழுமணி,village
Kumarakudi,,Tiruchirappalli,,10.89271,78.68570,,village
Kumarampatti,,Tiruchirappalli,,10.49176,78.20971,,hamlet
Kumarapalayam,,Tiruchirappalli,,10.88994,78.93236,,village
Kumarapatti,,Tiruchirappalli,,10.60763,78.44163,,hamlet
Kumaravadi,,Tiruchirappalli,,10.52619,78.31193,,village
Kumbakkudi,,Tiruchirappalli,,10.70162,78.75997,,village
Kumbakurichi,,Tiruchirappalli,,10.66636,78.58345,,village
Kumulur,,Tiruchirappalli,,10.95413,78.84373,,village
Kundakkadu,,Tiruchirappalli,,11.28726,78.59531,,village
Kundankalpalaiyam,,Tiruchirappalli,,11.05755,78.18116,,village
Kundumanippatti,,Tiruchirappalli,,11.04468,78.28450,,village
Kunkumapuram,,Tiruchirappalli,,11.03088,78.53182,,village
Kunnakulam,,Tiruchirappalli,,10.95764,78.68011,,village
Kuppagoundampatti,,Tiruchirappalli,,10.67368,78.33314,,hamlet
Kuppanampatti,,Tiruchirappalli,,10.70105,78.48350,,hamlet
Kuppanampatty,,Tiruchirappalli,,10.55996,78.42916,,hamlet
Kuppanarpatti,,Tiruchirappalli,,10.49024,78.40026,,hamlet
Kuppanur,,Tiruchirappalli,,10.49097,78.26546,,village
Kurakurichipatti,,Tiruchirappalli,,10.42207,78.49807,,hamlet
Kurangupettai,,Tiruchirappalli,,10.90247,78.65589,,village
Kurichi,,Tiruchirappalli,,11.30908,78.70713,,village
Kurumalaipatty,,Tiruchirappalli,,10.48019,78.38208,,hamlet
Kurumbapatti,,Tiruchirappalli,,10.57972,78.34534,,hamlet
Kurumbar theru,,Tiruchirappalli,,10.40825,78.36837,,hamlet
Kurumpapatti,,Tiruchirappalli,,10.47305,78.49104,,village
Kuruvampatti,,Tiruchirappalli,,10.93984,78.59684,,village
Kuruvankanni,,Tiruchirappalli,,11.04394,78.36059,,hamlet
Kuruvikarankulam,,Tiruchirappalli,,10.99169,78.62729,,village
Kuthiraikuttipatty,,Tiruchirappalli,,10.62663,78.41805,,village
Lakkanakkanpatti,,Tiruchirappalli,,10.33251,78.36181,,village
Lakshmanapuram,,Tiruchirappalli,,11.32736,78.58250,,hamlet
Lalgudi,,Tiruchirappalli,,10.87716,78.81389,இலால்குடி,town
Latchampatti,,Tiruchirappalli,,10.55406,78.32308,,hamlet
Lingampatti,,Tiruchirappalli,,10.36190,78.32986,,hamlet
M Puthupatti,,Tiruchirappalli,,10.98094,78.45534,,village
M Sathanur,,Tiruchirappalli,,10.84380,78.63458,,village
M.Edyapatti,,Tiruchirappalli,,10.36387,78.37393,,village
M.Puthur,,Tiruchirappalli,,10.97641,78.28345,,village
Machuveetupannai,,Tiruchirappalli,,10.93847,78.70016,,village
Madakudi,,Tiruchirappalli,,10.89973,78.74326,,village
Madukaranpatti,,Tiruchirappalli,,10.47926,78.50142,,hamlet
Madurapuri,,Tiruchirappalli,,11.13367,78.58546,,village
Magalippatti,,Tiruchirappalli,,11.01474,78.28071,,village
Magilambadi,,Tiruchirappalli,,10.93626,78.78094,,village
Mahadevi,,Tiruchirappalli,,11.14697,78.40189,,village
Mahadevi Pudur,,Tiruchirappalli,,11.15043,78.38432,,village
Mahendramangalam,,Tiruchirappalli,,10.97319,78.34932,,village
Mahilipatty,,Tiruchirappalli,,10.50034,78.47841,,hamlet
Maikkalnayakkanpatti,,Tiruchirappalli,,11.06818,78.26248,மேக்கல்நாயக்கன்பட்டி,village
Makalippatti,,Tiruchirappalli,,10.64789,78.42914,,village
Malaikattupatti,,Tiruchirappalli,,10.44607,78.36964,,hamlet
Malaimadaiyathi,,Tiruchirappalli,,10.68464,78.45528,,hamlet
Malaippatti,,Tiruchirappalli,,10.67179,78.40391,,hamlet
Malaithathampatti,,Tiruchirappalli,,10.59054,78.38513,,hamlet
Malaiyalankottam,,Tiruchirappalli,,10.96617,78.70751,,village
Malaiyandikoilpatti,,Tiruchirappalli,,10.30866,78.35824,,hamlet
Malaiyappanagar,,Tiruchirappalli,,10.89181,78.54039,,village
Malavanur,,Tiruchirappalli,,10.89421,78.78154,,village
Malayadipatti,,Tiruchirappalli,,10.57812,78.38219,,village
Malligaipatti,,Tiruchirappalli,,10.41741,78.43227,,hamlet
Malliyampathu,,Tiruchirappalli,,10.82562,78.64361,மல்லியம்பத்து,village
Malugapatti,,Tiruchirappalli,,10.45714,78.46311,,hamlet
Malvay,,Tiruchirappalli,,11.04887,78.96295,,village
Malvay Kannanur,,Tiruchirappalli,,11.07355,78.96908,,village
Mamarattuppatti,,Tiruchirappalli,,11.02324,78.25373,,hamlet
Manachanallur,,Tiruchirappalli,,10.91141,78.69984,மணச்சநல்லூர்,town
Manakkal,,Tiruchirappalli,,10.87852,78.83652,மணக்கால்,village
Manakkollai,,Tiruchirappalli,,10.89168,78.89248,,hamlet
Manakollai,,Tiruchirappalli,,10.87855,78.70199,,village
Manallaythampatti,,Tiruchirappalli,,10.99225,78.55354,,village
Manalodai,,Tiruchirappalli,,11.25222,78.69691,,village
Manamedu,,Tiruchirappalli,,10.97378,78.38657,,village
Manannkundram,,Tiruchirappalli,,10.47125,78.35327,,hamlet
Manapalayam,,Tiruchirappalli,,10.92530,78.55537,,village
Manapparai,,Tiruchirappalli,,10.60823,78.42312,மணப்பாறை,town
Manbarai,,Tiruchirappalli,,11.02183,78.59441,,village
Mandurai,,Tiruchirappalli,,10.87562,78.78628,மாந்துறை,village
Mangalam,,Tiruchirappalli,,11.04980,78.47955,,village
Mangalam Pudur,,Tiruchirappalli,,11.05303,78.48781,,village
Mangalam Tekkumedu,,Tiruchirappalli,,11.03910,78.48257,,village
Mangalamedu,,Tiruchirappalli,,10.65844,78.37599,,hamlet
Mangalapatti,,Tiruchirappalli,,10.47958,78.55355,,hamlet
Mangalapuram,,Tiruchirappalli,,11.22051,78.46719,,hamlet
Mangampatti,,Tiruchirappalli,,10.44835,78.30836,,village
Mangappatti,,Tiruchirappalli,,11.39169,78.50285,,village
Mangappatti Pudur,,Tiruchirappalli,,11.39003,78.49497,,village
Mangarai,,Tiruchirappalli,,10.86977,78.58288,,hamlet
Mangaraipatti,,Tiruchirappalli,,10.94505,78.47385,,village
Maniankurichi,,Tiruchirappalli,,10.44118,78.35209,,village
Maniarampatti,,Tiruchirappalli,,10.54370,78.31312,,hamlet
Manickampillai Chathiram,,Tiruchirappalli,,10.64810,78.46997,,hamlet
Manikampatti,,Tiruchirappalli,,10.52175,78.54504,,hamlet
Manikandam,,Tiruchirappalli,,10.73772,78.63409,,village
Manikattiyur,,Tiruchirappalli,,10.66137,78.40584,,hamlet
Manikkapuram,,Tiruchirappalli,,11.23329,78.59045,,village
Maniyampatti,,Tiruchirappalli,,10.99699,78.66203,,village
Maniyampatty,,Tiruchirappalli,,10.99896,78.30296,,hamlet
Maniyan nagar,,Tiruchirappalli,,10.81808,78.59044,,village
Maniyankurichi,,Tiruchirappalli,,11.07406,78.79412,,village
Maniyarampatti,,Tiruchirappalli,,10.59059,78.29149,,village
Maniyarankottam,,Tiruchirappalli,,10.96907,78.70481,,village
Manjakorai,,Tiruchirappalli,,10.90553,78.55934,,village
Manjampatti,,Tiruchirappalli,,10.38971,78.36151,,village
Manjankoppu,,Tiruchirappalli,,10.82233,78.60472,,village
Manpanjampatti,,Tiruchirappalli,,10.32409,78.34622,,hamlet
Manpathai,,Tiruchirappalli,,10.61111,78.30135,,hamlet
Manpidimangalam,,Tiruchirappalli,,10.88793,78.67044,,village
Manthaiyar odai,,Tiruchirappalli,,10.94010,78.68770,,village
Marachippatti,,Tiruchirappalli,,11.03234,78.28117,,village
Marachireddiyapatty,,Tiruchirappalli,,10.59770,78.37360,,village
Maradi,,Tiruchirappalli,,11.24189,78.50101,,village
Marakadu,,Tiruchirappalli,,10.39655,78.50673,,hamlet
Maramareddipalaiyam,,Tiruchirappalli,,11.04588,78.78331,,village
Marampatti,,Tiruchirappalli,,11.06392,78.20533,,village
Marankulam,,Tiruchirappalli,,10.80842,78.55656,,hamlet
Maravanur,,Tiruchirappalli,,10.66181,78.48631,,village
Mariyammankovilther,,Tiruchirappalli,,10.84400,78.59870,,village
Marudai,,Tiruchirappalli,,11.25988,78.64436,,village
Marudhandakuruchi,,Tiruchirappalli,,10.84183,78.64772,மருதாண்டக்குறிச்சி,village
Marudur,,Tiruchirappalli,,10.90988,78.76794,,village
Marukkalampatti,,Tiruchirappalli,,11.08421,78.56564,,village
Marungapuri,,Tiruchirappalli,,10.43579,78.41068,,village
Maruthampatti,,Tiruchirappalli,,11.05001,78.22150,,village
Maruthampattypudur,,Tiruchirappalli,,11.04403,78.21875,,village
Maruvattur,,Tiruchirappalli,,11.19658,78.61409,,village
Marvapatti,,Tiruchirappalli,,10.40027,78.52057,,village
Mathakodangipatti,,Tiruchirappalli,,10.66396,78.37020,,hamlet
Mathampatti,,Tiruchirappalli,,10.61851,78.45325,,village
Mathikonepatti,,Tiruchirappalli,,10.52778,78.47106,,hamlet
Mathur,,Tiruchirappalli,,10.71200,78.58593,,village
Mattakurichi,,Tiruchirappalli,,10.43082,78.46294,,hamlet
Mavilippatti,,Tiruchirappalli,,11.06608,78.47058,,village
Mavilitheru,,Tiruchirappalli,,10.89303,78.72970,,village
Mavizhlipatty,,Tiruchirappalli,,10.98574,78.20638,,village
Medukadupatti,,Tiruchirappalli,,10.52254,78.48368,,hamlet
Meenatchipuram,,Tiruchirappalli,,10.52728,78.31499,,hamlet
Meenatchiyur,,Tiruchirappalli,,10.48872,78.20359,,hamlet
Mekkudi,,Tiruchirappalli,,10.71089,78.65340,,village
Mekkudi Kuditheru,,Tiruchirappalli,,10.85116,78.62074,,village
Mekudi A.D.Theru,,Tiruchirappalli,,10.84892,78.61762,,village
Mel Arasur,,Tiruchirappalli,,11.02199,78.95911,மேலரசூர்,village
Mel Kunnuppatti,,Tiruchirappalli,,11.13737,78.63744,,village
Mel Marimangalam,,Tiruchirappalli,,10.91840,78.79918,,village
Mel Nagamangalam,,Tiruchirappalli,,10.70666,78.61918,,village
Mel Paganur,,Tiruchirappalli,,10.73445,78.60312,,hamlet
Mel Poduvarpatti,,Tiruchirappalli,,10.67229,78.42777,,hamlet
Mel Tottiyappatti,,Tiruchirappalli,,11.01418,78.46358,,village
Mela Eachampatty,,Tiruchirappalli,,10.53115,78.36269,,hamlet
Mela Kannakudi,,Tiruchirappalli,,10.97184,78.85133,,hamlet
Mela Saveriyarpuram,,Tiruchirappalli,,10.80077,78.62695,,hamlet
Melakadu,,Tiruchirappalli,,10.81567,78.58163,,village
Melakalam,,Tiruchirappalli,,10.56948,78.43648,,hamlet
Melakalamalai,,Tiruchirappalli,,10.82100,78.73507,,village
Melakannukulam,,Tiruchirappalli,,10.95289,78.59255,,village
Melakarikadu,,Tiruchirappalli,,10.97165,78.30118,,hamlet
Melakarthigarpatty,,Tiruchirappalli,,10.99410,78.31482,,village
Melakkarai,,Tiruchirappalli,,11.03640,78.71610,,hamlet
Melakkottam,,Tiruchirappalli,,11.06603,78.37012,,hamlet
Melakottam,,Tiruchirappalli,,10.93969,78.69676,,village
Melamadu,,Tiruchirappalli,,11.00607,78.41232,,village
Melamangavanam,,Tiruchirappalli,,10.78456,78.85708,,hamlet
Melamanjampatty,,Tiruchirappalli,,10.60278,78.39800,,village
Melapachery,,Tiruchirappalli,,10.86594,78.62566,,village
Melapatchanampatti,,Tiruchirappalli,,10.97078,78.56093,,village
Melapatti,,Tiruchirappalli,,10.39881,78.51302,,hamlet
Melarasapatti,,Tiruchirappalli,,10.51168,78.39660,,hamlet
Melasrinivasanallur,,Tiruchirappalli,,10.97317,78.36393,,village
Melavaladi,,Tiruchirappalli,,10.87640,78.74176,,village
Melavangaram,,Tiruchirappalli,,10.96678,78.73903,,village
Melavelikadu,,Tiruchirappalli,,10.99597,78.25135,,village
Melperungarur,,Tiruchirappalli,,10.89161,78.76799,,village
Melsalappatti,,Tiruchirappalli,,11.05201,78.37204,,village
Melur,,Tiruchirappalli,,11.17825,78.41247,,village
Melur Main road,,Tiruchirappalli,,10.95197,78.71193,,village
Melvalai,,Tiruchirappalli,,10.86235,78.80622,,hamlet
Melvalpatti,,Tiruchirappalli,,10.40707,78.37677,,hamlet
Menivayal,,Tiruchirappalli,,10.43570,78.44206,,hamlet
Menja Medu,,Tiruchirappalli,,10.98111,78.20879,,hamlet
Menkukuttam,,Tiruchirappalli,,10.52362,78.38953,,hamlet
Mettangadu,,Tiruchirappalli,,10.86538,78.86673,,village
Mettu Irungalur,,Tiruchirappalli,,10.94730,78.76764,,village
Mettukadai,,Tiruchirappalli,,10.55105,78.46398,,hamlet
Mettukkattur,,Tiruchirappalli,,11.04557,78.19759,,hamlet
Mettupalaiyam,,Tiruchirappalli,,11.16592,78.45424,,village
Mettupatti,,Tiruchirappalli,,10.67469,78.52504,,village
Mettupatty,,Tiruchirappalli,,10.50967,78.38683,,hamlet
Mettuppatti,,Tiruchirappalli,,10.88966,78.87390,,village
Mettur,,Tiruchirappalli,,11.13775,78.62025,,village
Mettur Alipatty,,Tiruchirappalli,,10.65814,78.41590,,village
Mettuthur,,Tiruchirappalli,,10.91537,79.00170,,village
Mettutteruvu,,Tiruchirappalli,,10.94937,78.81854,,village
Meyyampatti,,Tiruchirappalli,,11.14890,78.54474,,village
Michalepatti,,Tiruchirappalli,,10.88447,78.77883,,village
Minakshippatti,,Tiruchirappalli,,11.06555,78.53049,,village
Minakshipuram,,Tiruchirappalli,,10.88184,78.56105,,hamlet
Minattampatti,,Tiruchirappalli,,11.03973,78.30484,,village
Minikiyur,,Tiruchirappalli,,10.49355,78.48686,,village
Modakkur,,Tiruchirappalli,,10.63394,78.27599,,hamlet
Mohanur,,Tiruchirappalli,,10.48148,78.31953,,hamlet
Mokkareddipatti,,Tiruchirappalli,,10.55335,78.29767,,hamlet
Moluganur,,Tiruchirappalli,,10.67314,78.30421,,hamlet
Mondipatti,,Tiruchirappalli,,10.67031,78.45006,,village
Moongildurai,,Tiruchirappalli,,10.97865,78.27261,,village
Moorampatti,,Tiruchirappalli,,10.57272,78.33196,,hamlet
Moorampatty,,Tiruchirappalli,,10.53474,78.35066,,hamlet
Moovanur,,Tiruchirappalli,,10.98741,78.59860,,village
Moovarayanpalayam Keelur,,Tiruchirappalli,,10.95661,78.62722,,village
Moovarayanpalayam Melur,,Tiruchirappalli,,10.95598,78.62306,,village
Moovarayapatti,,Tiruchirappalli,,10.47435,78.57898,,hamlet
Moruppatti,,Tiruchirappalli,,11.16408,78.44970,,village
Mottaiampatti,,Tiruchirappalli,,10.50728,78.23537,,hamlet
Mottaiperumampatty,,Tiruchirappalli,,10.53305,78.41185,,hamlet
Muchanthi,,Tiruchirappalli,,10.58130,78.44758,,hamlet
Mudalippatti,,Tiruchirappalli,,11.01616,78.28776,,village
Mudikandam,,Tiruchirappalli,,10.70439,78.66468,,village
Mudukkupatti,,Tiruchirappalli,,10.46431,78.41168,,hamlet
Mugavanur,,Tiruchirappalli,,10.61428,78.30076,,hamlet
Mukkakavundanpallam,,Tiruchirappalli,,11.04367,78.27102,,village
Mulakkadu,,Tiruchirappalli,,11.23142,78.66801,,village
Mullainagar Colony,,Tiruchirappalli,,10.83323,78.60981,,hamlet
Mullal,,Tiruchirappalli,,10.90265,78.91566,,village
Mullikarumbur,,Tiruchirappalli,,10.82721,78.61346,,village
Mullipadi,,Tiruchirappalli,,10.58205,78.36496,,hamlet
Mullippadi,,Tiruchirappalli,,11.00296,78.40033,,hamlet
Mungilpatti,,Tiruchirappalli,,11.01874,78.19560,,hamlet
Murukkapatti,,Tiruchirappalli,,10.47644,78.51924,,hamlet
Murukkur,,Tiruchirappalli,,10.81935,78.78058,,village
Murukur,,Tiruchirappalli,,11.17337,78.56950,,village
Murungai,,Tiruchirappalli,,11.04394,78.21326,,village
Murungai kalattur,,Tiruchirappalli,,11.05998,78.25789,,hamlet
Murungaikalattur,,Tiruchirappalli,,11.05717,78.23553,,village
Murungapatti,,Tiruchirappalli,,11.36641,78.49102,,village
Murungapettai,,Tiruchirappalli,,10.86271,78.65740,,village
Musiri,,Tiruchirappalli,,10.95157,78.44198,முசிறி,town
Muthaiyahnallur,,Tiruchirappalli,,11.00035,78.50680,,village
Muthalvarpatti,,Tiruchirappalli,,10.46519,78.42575,,village
Muthampattiyar kottam,,Tiruchirappalli,,11.00453,78.47390,,hamlet
Muthampatty,,Tiruchirappalli,,10.98877,78.43703,,village
Muthankulam,,Tiruchirappalli,,10.55927,78.43865,,hamlet
Mutharasanallur,,Tiruchirappalli,,10.86315,78.65064,முத்தரசநல்லூர்,village
Muthupatti,,Tiruchirappalli,,10.34327,78.38508,,hamlet
Muthupudayanpatti,,Tiruchirappalli,,10.63820,78.45132,,village
Muthuvattur,,Tiruchirappalli,,10.98347,78.98028,,village
Muttaiyapalaiyam,,Tiruchirappalli,,11.31273,78.48317,,village
Muttalammankovilpatti,,Tiruchirappalli,,10.55627,78.35709,,hamlet
Muttiyampalaiyam,,Tiruchirappalli,,11.11145,78.62984,,village
Muttiyur,,Tiruchirappalli,,10.86152,78.78551,,hamlet
Mutturajapuram,,Tiruchirappalli,,11.17524,78.40077,,village
Mylapur,,Tiruchirappalli,,10.61749,78.34518,,hamlet
Mylarangam,,Tiruchirappalli,,10.85693,78.79047,,village
N Polampatti,,Tiruchirappalli,,10.63463,78.31040,,village
N Pudur,,Tiruchirappalli,,10.52536,78.33959,,hamlet
N Sangenthi,,Tiruchirappalli,,10.92320,78.86516,,village
N.Sookanathanpatti,,Tiruchirappalli,,10.43686,78.51049,,hamlet
Nadukattupatty,,Tiruchirappalli,,10.60101,78.36672,,hamlet
Naduppatti,,Tiruchirappalli,,10.64229,78.43409,,village
Naduppatty,,Tiruchirappalli,,10.52775,78.23260,நடுப்பட்டி,village
Naduthottiyam,,Tiruchirappalli,,11.02700,78.35403,,hamlet
Naduvalur,,Tiruchirappalli,,11.09838,78.65226,,village
Naduvetti,,Tiruchirappalli,,10.83467,78.77417,,village
Naduvipatti,,Tiruchirappalli,,10.45238,78.57682,,village
Nagalapuram,,Tiruchirappalli,,11.14729,78.67080,,village
Nagamanayakkanpatti,,Tiruchirappalli,,11.13863,78.51803,,village
Nagamangalam,,Tiruchirappalli,,10.70151,78.62280,,village
Nagamapatti,,Tiruchirappalli,,10.60508,78.34165,,hamlet
Naganallur,,Tiruchirappalli,,11.32823,78.48218,,village
Nagappamudalipudur,,Tiruchirappalli,,11.01798,78.18159,,village
Nagar,,Tiruchirappalli,,10.89421,78.78781,,village
Nagayanallur,,Tiruchirappalli,,11.01963,78.23475,நகயனல்லூர்,village
Nagayyanallur,,Tiruchirappalli,,11.03039,78.26336,,hamlet
Nagur,,Tiruchirappalli,,11.28667,78.72927,,village
Naikuppai,,Tiruchirappalli,,10.88907,78.69537,,village
Nallamanaickanapatti,,Tiruchirappalli,,10.48646,78.41457,,hamlet
Nallampillai,,Tiruchirappalli,,10.65234,78.36910,,village
Nallapoonampatti,,Tiruchirappalli,,10.47439,78.35900,,hamlet
Nallavannipatti,,Tiruchirappalli,,11.08692,78.60722,,village
Nallendrapuram,,Tiruchirappalli,,11.05346,78.71401,,hamlet
Nalliyampalaiyam,,Tiruchirappalli,,11.12700,78.62648,,village
Nalliyampatti,,Tiruchirappalli,,10.56615,78.39297,,hamlet
Nallur,,Tiruchirappalli,,11.07266,78.89897,,hamlet
Nambakkurichi,,Tiruchirappalli,,11.05971,78.86863,,village
Nambampatti,,Tiruchirappalli,,10.56977,78.40248,,hamlet
Nanappatti,,Tiruchirappalli,,11.01242,78.26480,,hamlet
Nandilingampettai,,Tiruchirappalli,,11.11762,78.54285,,village
Nangamangalachattram,,Tiruchirappalli,,10.91261,78.71417,,village
Nannimangalam,,Tiruchirappalli,,10.86840,78.82752,நன்னிமங்கலம்,village
Naraperumampatty,,Tiruchirappalli,,10.54581,78.35366,,hamlet
Narasingapuram,,Tiruchirappalli,,11.22862,78.58957,,village
Narimedu,,Tiruchirappalli,,10.91760,78.76172,,village
Nariyampatti,,Tiruchirappalli,,10.66323,78.43105,,village
Natarajapuram,,Tiruchirappalli,,10.81442,78.79489,,village
Natchampatti,,Tiruchirappalli,,10.97388,78.51585,,village
Natchayarpudur,,Tiruchirappalli,,10.98434,78.41318,,village
Natham,,Tiruchirappalli,,10.98033,78.26677,,village
Nattam,,Tiruchirappalli,,11.01127,78.28209,,hamlet
Nattamangudi,,Tiruchirappalli,,10.90116,78.93454,,village
Nattarpatti,,Tiruchirappalli,,10.34656,78.35388,,hamlet
Nattavelampatti,,Tiruchirappalli,,11.22616,78.44206,,village
Navakeenathupatty,,Tiruchirappalli,,10.66012,78.35385,,hamlet
Navakudi,,Tiruchirappalli,,10.48995,78.53856,,hamlet
Navalpattu,,Tiruchirappalli,,10.75044,78.77620,நவல்பட்டு,village
Navalur Kuttappattu,,Tiruchirappalli,,10.74970,78.60249,,village
Navaluranipatti,,Tiruchirappalli,,10.53174,78.48139,,hamlet
Navalurkottapattu,,Tiruchirappalli,,10.75949,78.59907,நாவலூர்கோட்டபட்டு,village
Nayakteru,,Tiruchirappalli,,10.70708,78.58247,,hamlet
Nedumalai,,Tiruchirappalli,,10.77763,78.62311,,hamlet
Nedungur,,Tiruchirappalli,,11.06327,78.82527,,village
Nedunkulam North,,Tiruchirappalli,,10.96757,78.71082,,village
Nedunkulam West,,Tiruchirappalli,,10.95908,78.71271,,village
Neiveli,,Tiruchirappalli,,10.90609,78.62490,,village
Nellipatti,,Tiruchirappalli,,10.42446,78.45228,,hamlet
Nerunjalakudi,,Tiruchirappalli,,10.87925,78.78601,நெருஞ்சலக்குடி,village
Nerunjikalam,,Tiruchirappalli,,10.53000,78.39740,,hamlet
Nerunjikalapatti,,Tiruchirappalli,,10.54914,78.45268,,hamlet
Nesakkulam,,Tiruchirappalli,,11.29087,78.66076,,village
Neykkulam,,Tiruchirappalli,,11.05636,78.83951,,village
Neykuppai,,Tiruchirappalli,,10.92333,78.79386,,village
Nilayampatti,,Tiruchirappalli,,11.07907,78.38640,,village
Nochalippatti,,Tiruchirappalli,,11.28643,78.58778,,village
Nochimedu,,Tiruchirappalli,,10.60812,78.40740,நொச்சிமேடு,village
Nochippallam,,Tiruchirappalli,,11.01193,78.29680,,hamlet
Nochivayal,,Tiruchirappalli,,10.78244,78.76535,,village
Nochiyam,,Tiruchirappalli,,10.88140,78.69018,நொச்சியம்,village
North Thaluthalapatti,,Tiruchirappalli,,10.99540,78.72605,,village
North Thethur,,Tiruchirappalli,,10.32250,78.36316,,village
North kosaipatty,,Tiruchirappalli,,10.44095,78.33381,,hamlet
Oddampatti,,Tiruchirappalli,,11.23283,78.57415,,village
Oduvampatti,,Tiruchirappalli,,11.34810,78.52876,,village
Okkarai,,Tiruchirappalli,,11.21453,78.53289,,village
Olaiyur,,Tiruchirappalli,,10.71454,78.68279,ஓலையூர்,village
Omandur,,Tiruchirappalli,,11.02893,78.66938,,village
Ombathukottai,,Tiruchirappalli,,11.31324,78.50636,,village
Onthampatti,,Tiruchirappalli,,10.60374,78.31995,,village
Ooranipannai,,Tiruchirappalli,,10.94590,78.68336,,village
Oothupatti,,Tiruchirappalli,,10.55448,78.34329,,hamlet
Orattur,,Tiruchirappalli,,11.05915,78.98050,,village
Osarappalli,,Tiruchirappalli,,11.27630,78.53189,,village
Othakadai,,Tiruchirappalli,,10.82912,78.59306,,village
Othappatti,,Tiruchirappalli,,10.99286,78.49892,,hamlet
Othareddyur,,Tiruchirappalli,,10.54759,78.31454,,hamlet
Ottaividu,,Tiruchirappalli,,10.89172,78.76369,,hamlet
Ottakkattumadu,,Tiruchirappalli,,11.37549,78.48215,,village
Ottakkudi,,Tiruchirappalli,,10.83410,78.74261,,village
Pachaiperumalpatti,,Tiruchirappalli,,11.21061,78.45946,,village
Pachampettai,,Tiruchirappalli,,10.85967,78.78324,,village
Pachudaiyampatti,,Tiruchirappalli,,10.64550,78.47055,,hamlet
Pachur,,Tiruchirappalli,,10.89771,78.67121,,village
Padugai,,Tiruchirappalli,,10.85598,78.86587,,village
Pagalvadi,,Tiruchirappalli,,11.08098,78.59731,,village
Palaganangudi,,Tiruchirappalli,,10.71740,78.81782,,village
Palaiyam,,Tiruchirappalli,,11.19347,78.56001,,village
Palaiyur,,Tiruchirappalli,,11.02781,78.72477,,village
Palakkaranpatti,,Tiruchirappalli,,10.56494,78.37967,,hamlet
Palakurichi,,Tiruchirappalli,,10.41265,78.50798,,village
Palamputtur,,Tiruchirappalli,,11.01382,78.58428,,village
Palanigoundanoor,,Tiruchirappalli,,11.04059,78.21395,,hamlet
Palankaveri,,Tiruchirappalli,,10.90451,78.49492,,village
Palathupatti,,Tiruchirappalli,,10.44599,78.55404,,village
Palavarapatty,,Tiruchirappalli,,10.52815,78.38404,,hamlet
Palaya Arangur,,Tiruchirappalli,,11.00233,78.35897,,village
Palayakottai,,Tiruchirappalli,,10.61099,78.32146,,hamlet
Palayapalayam,,Tiruchirappalli,,10.36364,78.36247,,village
Palayur,,Tiruchirappalli,,10.88075,78.54079,,village
Palkaranpannai,,Tiruchirappalli,,10.96408,78.70501,,village
Pallacheri,,Tiruchirappalli,,10.93451,78.50972,,village
Pallakadu,,Tiruchirappalli,,10.79600,78.60577,பள்ளக்காடு,village
Pallakkudi,,Tiruchirappalli,,10.88425,78.69621,,village
Pallapatti,,Tiruchirappalli,,10.53878,78.25999,,village
Pallappatti,,Tiruchirappalli,,10.70144,78.59690,,village
Pallapuram,,Tiruchirappalli,,10.92219,78.82420,,village
Pallarteru,,Tiruchirappalli,,10.93938,78.47938,,village
Pallatteru,,Tiruchirappalli,,10.86748,78.57982,,village
Pallikondampatti,,Tiruchirappalli,,10.47058,78.47663,,hamlet
Pallinattam,,Tiruchirappalli,,11.00700,78.50083,,village
Pallivayal,,Tiruchirappalli,,10.88637,78.78824,,village
Pallividai,,Tiruchirappalli,,10.90216,78.73588,,village
Pallukkudi,,Tiruchirappalli,,10.51146,78.28030,,hamlet
Palur,,Tiruchirappalli,,10.89389,78.71943,,village
Paluvanji,,Tiruchirappalli,,10.46880,78.45029,,hamlet
Pambaramsuthi,,Tiruchirappalli,,10.87088,78.78633,,village
Pambaramsutti,,Tiruchirappalli,,10.87090,78.78498,,village
Pambattipatti,,Tiruchirappalli,,10.56122,78.35606,,village
Panamangalam,,Tiruchirappalli,,10.89763,78.72098,,village
Panangadu,,Tiruchirappalli,,11.06669,78.38657,,hamlet
Panankattankudi,,Tiruchirappalli,,10.89307,78.80683,,village
Panayapuram,,Tiruchirappalli,,10.84193,78.76169,,village
Pandaratheru,,Tiruchirappalli,,10.65943,78.43693,,hamlet
Pandaripuram,,Tiruchirappalli,,11.06866,78.36004,,hamlet
Pandiyapuram,,Tiruchirappalli,,10.89973,78.64591,,village
Pangaiyar selvi,,Tiruchirappalli,,10.88612,78.71116,,village
Pangunivaykkal,,Tiruchirappalli,,10.87870,78.76798,,village
Panjampatti,,Tiruchirappalli,,10.93330,78.53085,,village
Panjappur,,Tiruchirappalli,,10.75026,78.65132,பஞ்சப்பூர்,village
Pannakamby Vadakkukalam,,Tiruchirappalli,,10.53517,78.39399,,hamlet
Pannapatti,,Tiruchirappalli,,10.69224,78.31526,,village
Pannappatti,,Tiruchirappalli,,10.52378,78.35835,,hamlet
Pannayar Kalathupatti,,Tiruchirappalli,,10.55707,78.45827,,hamlet
Papapatti,,Tiruchirappalli,,10.45028,78.43894,,hamlet
Pappapatti,,Tiruchirappalli,,11.05997,78.39061,,village
Paraipatti,,Tiruchirappalli,,10.37972,78.42633,,hamlet
Paraippatty,,Tiruchirappalli,,10.45253,78.36902,,hamlet
Parattal,,Tiruchirappalli,,11.28991,78.71198,,village
Paruttikkal,,Tiruchirappalli,,10.87588,78.89415,,hamlet
Pasukkaranpatti,,Tiruchirappalli,,10.95550,78.48039,,village
Patchaiveli,,Tiruchirappalli,,10.93978,78.63486,,village
Pathalipettai,,Tiruchirappalli,,10.80213,78.84795,,village
Pattakacheri,,Tiruchirappalli,,10.88890,78.87720,,village
Pattavaytalai Devasthanam,,Tiruchirappalli,,10.89772,78.48308,,village
Payattamparai,,Tiruchirappalli,,11.07010,78.46534,,village
Paychangampatti,,Tiruchirappalli,,10.61818,78.32759,,hamlet
Pedduppatti,,Tiruchirappalli,,11.09930,78.57216,,village
Pennampatti,,Tiruchirappalli,,10.97508,78.54906,,village
Perakambi,,Tiruchirappalli,,11.09789,78.75601,,village
Peramoor,,Tiruchirappalli,,10.92457,78.49197,,village
Perappankudi,,Tiruchirappalli,,10.88883,78.73144,,village
Periakodunthurai,,Tiruchirappalli,,10.94033,78.53708,,village
Periamanapatti,,Tiruchirappalli,,10.56781,78.44552,,hamlet
Periarakkampatti,,Tiruchirappalli,,10.47931,78.53454,,hamlet
Periavelakkanatham,,Tiruchirappalli,,10.98341,78.51128,,village
Periya Aaithampatti,,Tiruchirappalli,,10.64320,78.31684,,hamlet
Periya Anaikaraipatti,,Tiruchirappalli,,10.58646,78.29723,,village
Periya Chittur,,Tiruchirappalli,,11.31983,78.59844,,village
Periya Iluppur,,Tiruchirappalli,,11.28052,78.69249,,village
Periya Kallarguttu,,Tiruchirappalli,,11.22334,78.45906,,village
Periya Karuppur,,Tiruchirappalli,,10.85903,78.60727,,village
Periya Kulathupatti,,Tiruchirappalli,,10.61690,78.29741,,village
Periya Kurukkai,,Tiruchirappalli,,11.03741,78.82648,,village
Periya Nachippatti,,Tiruchirappalli,,11.01355,78.24218,,hamlet
Periya Panamalai,,Tiruchirappalli,,11.20336,78.68208,,village
Periya Velampatti,,Tiruchirappalli,,11.20505,78.43861,,village
Periyaarulapatti,,Tiruchirappalli,,10.44918,78.54558,,hamlet
Periyalampatti,,Tiruchirappalli,,10.68667,78.52759,,village
Periyapallipalayam,,Tiruchirappalli,,10.99238,78.18017,,village
Periyapatti,,Tiruchirappalli,,10.67267,78.46283,,village
Periyar Samathuvapuram,,Tiruchirappalli,,11.01815,78.29300,,village
Periyarnagar,,Tiruchirappalli,,10.86939,78.56212,,village
Periyavarsili,,Tiruchirappalli,,10.85708,78.79940,,village
Periyur,,Tiruchirappalli,,11.05373,78.20743,,hamlet
Pernaickampatti,,Tiruchirappalli,,10.70837,78.33239,,hamlet
Perugamani,,Tiruchirappalli,,10.88804,78.54486,பெருகமணி,village
Perumalmalai Adivaram,,Tiruchirappalli,,11.15185,78.62759,,village
Perumalpalaiyam,,Tiruchirappalli,,11.21077,78.58280,,village
Perumampatty,,Tiruchirappalli,,10.55283,78.38022,,village
Perunganur,,Tiruchirappalli,,11.11965,78.41961,,village
Perungudi,,Tiruchirappalli,,10.82381,78.63949,,hamlet
Perur,,Tiruchirappalli,,11.01521,78.52293,,village
Peruragraharam,,Tiruchirappalli,,10.84313,78.61069,,village
Peruvalanallur,,Tiruchirappalli,,10.92109,78.84476,,village
Peruvalappur,,Tiruchirappalli,,11.01601,78.87179,,village
Pethakonepatti,,Tiruchirappalli,,10.42650,78.49676,,hamlet
Pethanaickanpatti,,Tiruchirappalli,,10.49011,78.45553,,hamlet
Pettavaithalai,,Tiruchirappalli,,10.89949,78.49292,வெட்டுவாய்த்தலை,town
Pichandarkovil,,Tiruchirappalli,,10.87759,78.70805,பிச்சாண்டார்கோயில்,town
Pichavaram,,Tiruchirappalli,,10.85717,78.62015,,hamlet
Pidaramangalam,,Tiruchirappalli,,11.02418,78.22019,,village
Pidarapatti,,Tiruchirappalli,,10.37006,78.32664,,village
Pillamanaickanpatty,,Tiruchirappalli,,10.47174,78.36308,,hamlet
Pillapalaiyam,,Tiruchirappalli,,11.18384,78.42250,,village
Pillupatti,,Tiruchirappalli,,10.36834,78.42890,,hamlet
Pinnathur,,Tiruchirappalli,,10.53963,78.37850,,hamlet
Pinnavasal,,Tiruchirappalli,,10.89547,78.84008,,village
Piramangalam,,Tiruchirappalli,,10.99190,78.65162,,village
Pirampatti,,Tiruchirappalli,,10.48025,78.48427,,hamlet
Pitchaimaniyarampatti,,Tiruchirappalli,,10.57416,78.36662,,hamlet
Pitchampatty,,Tiruchirappalli,,10.49721,78.38346,,hamlet
Pitchareddiyapatti,,Tiruchirappalli,,10.65805,78.31048,,hamlet
Podaiyakonepatti,,Tiruchirappalli,,10.52316,78.47096,,hamlet
Podangupatty,,Tiruchirappalli,,10.52893,78.44534,,village
Podavur,,Tiruchirappalli,,10.79666,78.56821,,village
Podavur A D Theru,,Tiruchirappalli,,10.79033,78.56590,,hamlet
Poduvarpatti,,Tiruchirappalli,,10.67703,78.43230,,village
Poigaipatty,,Tiruchirappalli,,10.55665,78.40219,,village
Poigaithirunagar,,Tiruchirappalli,,10.58905,78.40758,,village
Polampatti,,Tiruchirappalli,,10.44547,78.50469,,hamlet
Pombattipatti,,Tiruchirappalli,,10.61898,78.27422,,village
Pondai,,Tiruchirappalli,,11.26974,78.65112,,village
Ponnakoundanpatti,,Tiruchirappalli,,10.65599,78.27335,,hamlet
Ponnambalampatti,,Tiruchirappalli,,11.06728,78.54568,,village
Ponnambalappatti,,Tiruchirappalli,,10.53345,78.25297,,village
Ponnambalathupatti,,Tiruchirappalli,,10.57446,78.43202,,hamlet
Ponnampatti,,Tiruchirappalli,,10.46283,78.27966,,hamlet
Ponnangannipatti,,Tiruchirappalli,,10.98793,78.54288,,village
Ponnusangampatti,,Tiruchirappalli,,10.47865,78.35559,,hamlet
Ponnusangampatty,,Tiruchirappalli,,10.58152,78.45395,,hamlet
Poogurunipatty,,Tiruchirappalli,,10.46367,78.37564,,hamlet
Poolanchery,,Tiruchirappalli,,11.07296,78.39525,,village
Poolangudi,,Tiruchirappalli,,10.72765,78.79535,பூலாங்குடி,village
Poolangulathupatti,,Tiruchirappalli,,10.73517,78.56817,,village
Poolaooranipatti,,Tiruchirappalli,,10.57248,78.41900,,hamlet
Poonampalayam,,Tiruchirappalli,,10.93372,78.68583,,village
Poondipalayam,,Tiruchirappalli,,11.06243,78.22008,,village
Poongudipatti,,Tiruchirappalli,,10.67959,78.44762,,village
Poonkonepatti,,Tiruchirappalli,,10.55857,78.36951,,hamlet
Poonnangadu,,Tiruchirappalli,,11.06298,78.38293,,village
Poosaithoppu,,Tiruchirappalli,,10.51188,78.49001,,hamlet
Poosaripannaiyur,,Tiruchirappalli,,11.07604,78.28717,,village
Poosaripatti,,Tiruchirappalli,,10.66932,78.35170,,village
Poovampatti,,Tiruchirappalli,,10.60651,78.44523,,hamlet
Porasankadu,,Tiruchirappalli,,10.47179,78.41757,,hamlet
Posampatti,,Tiruchirappalli,,10.81401,78.58465,,village
Pothapatti,,Tiruchirappalli,,10.62118,78.28902,,village
Pothunayakkanur,,Tiruchirappalli,,10.53311,78.29129,,hamlet
Poyyakudi,,Tiruchirappalli,,10.70587,78.85653,,village
Pudalatti,,Tiruchirappalli,,11.23816,78.51624,,village
Pudhakudi,,Tiruchirappalli,,10.42528,78.62305,,hamlet
Pudhukudi,,Tiruchirappalli,,10.46754,78.47726,,hamlet
Pudu Adaikkampatty,,Tiruchirappalli,,10.51975,78.40837,,hamlet
Pudu Arangur,,Tiruchirappalli,,11.00564,78.35810,,village
Pudu Colony,,Tiruchirappalli,,10.59188,78.43755,,hamlet
Pudukkottai,,Tiruchirappalli,,10.89210,78.51145,,village
Pudukkudi,,Tiruchirappalli,,10.90078,78.82540,,village
Pudukkulam,,Tiruchirappalli,,11.04711,78.37224,,hamlet
Pudukottai,,Tiruchirappalli,,10.50762,78.23300,,hamlet
Pudukudi,,Tiruchirappalli,,10.87974,78.74212,,village
Pudukulam,,Tiruchirappalli,,10.51697,78.46277,,hamlet
Pudumangalam,,Tiruchirappalli,,11.03476,78.53298,,village
Pudumaniyarampatti,,Tiruchirappalli,,10.58446,78.28153,,village
Pudupatti,,Tiruchirappalli,,10.97555,78.67535,,village
Puduppalaiyam,,Tiruchirappalli,,11.06592,78.20539,,hamlet
Puduppatti,,Tiruchirappalli,,11.22242,78.51355,,village
Pudur,,Tiruchirappalli,,10.65538,78.37826,,village
Pudur Uttamanur,,Tiruchirappalli,,10.92977,78.80806,,village
Pudurpalaiyam,,Tiruchirappalli,,10.94507,78.94861,,village
Pudurpatti South,,Tiruchirappalli,,10.95456,78.59097,,village
Pudutheru,,Tiruchirappalli,,10.76938,78.77755,,village
Pudutteruvu,,Tiruchirappalli,,10.86884,78.76751,,village
Pulancheri,,Tiruchirappalli,,11.07048,78.36846,,hamlet
Pulavankalapatti,,Tiruchirappalli,,10.49981,78.55367,,hamlet
Pulivalam,,Tiruchirappalli,,10.85533,78.58163,,village
Puliyampatti,,Tiruchirappalli,,10.54384,78.29342,,hamlet
Puliyur,,Tiruchirappalli,,10.80598,78.56288,,village
Pullambadi,,Tiruchirappalli,,10.94009,78.90789,புள்ளம்பாடி,town
Pumalaipuram,,Tiruchirappalli,,11.07732,78.41890,,village
Punachi,,Tiruchirappalli,,11.22533,78.65434,,village
Pungampadi,,Tiruchirappalli,,10.59319,78.34503,,hamlet
Punganur,,Tiruchirappalli,,10.78639,78.63367,புங்கனூர்,village
Pungaverikottam,,Tiruchirappalli,,11.00588,78.56517,,hamlet
Pungudi,,Tiruchirappalli,,10.74867,78.61939,பூங்குடி,village
Purathakuddi,,Tiruchirappalli,,10.58401,78.32634,,village
Purathakudi,,Tiruchirappalli,,10.93809,78.77444,,village
Purattakudi,,Tiruchirappalli,,10.93335,78.77691,,village
Pusaripannai,,Tiruchirappalli,,10.93561,78.70232,,village
Pusarippatti,,Tiruchirappalli,,10.67084,78.39320,,hamlet
Puthambur,,Tiruchirappalli,,10.79704,78.85926,,hamlet
Puthanatham,,Tiruchirappalli,,10.46667,78.36898,,village
Puthapuram,,Tiruchirappalli,,10.83204,78.75287,புத்தபுறம்,village
Puthupatti colony,,Tiruchirappalli,,10.97984,78.45767,,village
Puthurpatti North,,Tiruchirappalli,,10.95771,78.58990,,village
Puttanampatti,,Tiruchirappalli,,11.06705,78.68694,,village
Puttur,,Tiruchirappalli,,11.30029,78.59555,,village
Rackkampatti,,Tiruchirappalli,,10.69380,78.30133,,hamlet
Rajakadu,,Tiruchirappalli,,10.81221,78.57969,,hamlet
Rajakavundanpatti,,Tiruchirappalli,,10.63717,78.43980,,hamlet
Rajakodangippatti,,Tiruchirappalli,,10.49001,78.27137,,hamlet
Rajampalayam,,Tiruchirappalli,,10.93729,78.70575,,village
Rajampettai,,Tiruchirappalli,,10.82384,78.85661,,village
Rajapatty Kudikalam,,Tiruchirappalli,,10.51729,78.40080,,hamlet
Rakkampatti,,Tiruchirappalli,,10.98635,78.50560,,village
Ramagiripatti,,Tiruchirappalli,,10.90967,78.59402,,village
Ramalingmapatti,,Tiruchirappalli,,10.50738,78.27101,,hamlet
Ramanampatti,,Tiruchirappalli,,10.65022,78.37925,,hamlet
Ramanathanallur,,Tiruchirappalli,,10.83629,78.64370,இராமநாதநல்லூர்,hamlet
Ramanathapuram,,Tiruchirappalli,,11.27520,78.63816,,village
Ramarediapatti,,Tiruchirappalli,,10.52906,78.21753,,hamlet
Ramasamygoundanur,,Tiruchirappalli,,11.05403,78.20253,,hamlet
Ramaswamikavundanpudur,,Tiruchirappalli,,11.05575,78.20076,,hamlet
Ramiyapuri,,Tiruchirappalli,,10.35027,78.33185,,hamlet
Ranganathapuram,,Tiruchirappalli,,11.20272,78.59724,,village
Ranganathar Mandapam,,Tiruchirappalli,,10.87367,78.61260,,hamlet
Rasipatti,,Tiruchirappalli,,10.40583,78.33031,,village
Rasipuram,,Tiruchirappalli,,10.96860,78.46105,,village
Rattinangudi,,Tiruchirappalli,,10.92476,78.76682,,village
Rayampatti,,Tiruchirappalli,,10.56922,78.38709,,village
Rayampatty,,Tiruchirappalli,,10.57386,78.44107,,hamlet
Rayapatti,,Tiruchirappalli,,10.98632,78.57241,,village
Reddichatram,,Tiruchirappalli,,10.87673,78.75741,,hamlet
Reddimangudi,,Tiruchirappalli,,10.99563,78.82570,,village
Reddiyapatti,,Tiruchirappalli,,10.53749,78.47063,,village
Reddiyappatti,,Tiruchirappalli,,11.19750,78.47793,,village
Rengagondanpatti,,Tiruchirappalli,,10.55909,78.39264,,hamlet
Rudrakshakombai,,Tiruchirappalli,,11.21350,78.42950,,village
S Kottam,,Tiruchirappalli,,11.00428,78.44471,,hamlet
S Mettupatti,,Tiruchirappalli,,10.40914,78.35762,,village
S Pannai,,Tiruchirappalli,,10.93006,78.68069,,village
S Poosarikottam,,Tiruchirappalli,,10.94542,78.73234,,village
S mettur,,Tiruchirappalli,,10.98908,78.66939,,village
S.Sokkanathanpatty,,Tiruchirappalli,,10.43295,78.51104,,hamlet
Sadaipoosaripatty,,Tiruchirappalli,,10.55832,78.39823,,hamlet
Sadayampatti,,Tiruchirappalli,,10.69444,78.30790,,village
Sakkampatti,,Tiruchirappalli,,10.52952,78.24568,,hamlet
Sakkilipatti,,Tiruchirappalli,,11.00182,78.29585,,hamlet
Sakkiliyapatti,,Tiruchirappalli,,10.63239,78.47526,,hamlet
Salaikkadu,,Tiruchirappalli,,11.20010,78.43146,,village
Salaipatti,,Tiruchirappalli,,10.98019,78.67464,,village
Salaippatti,,Tiruchirappalli,,11.02617,78.21176,,hamlet
Salakarai,,Tiruchirappalli,,10.56329,78.40166,,hamlet
Salakkadu,,Tiruchirappalli,,11.07006,78.47086,,hamlet
Salalaikkadu,,Tiruchirappalli,,11.17253,78.43627,,village
Salapatti,,Tiruchirappalli,,10.94364,78.49467,,village
Salappatti,,Tiruchirappalli,,11.05433,78.37753,,hamlet
Salappatty,,Tiruchirappalli,,11.00113,78.49168,,village
Samathuvapuram,,Tiruchirappalli,,10.51856,78.38429,,hamlet
Samattuvapuram,,Tiruchirappalli,,10.98923,78.95317,,village
Samayapuram,,Tiruchirappalli,,10.92039,78.74100,சமயபுரம்,town
Samayapuram Puthur,,Tiruchirappalli,,10.93814,78.73621,,village
Saminathapuram,,Tiruchirappalli,,11.01620,78.86845,,village
Sampatty,,Tiruchirappalli,,10.53459,78.42736,,village
Samuthiram,,Tiruchirappalli,,10.65346,78.49142,,village
Sanarpalayam,,Tiruchirappalli,,10.92571,78.48377,,village
Sandanappatti,,Tiruchirappalli,,11.01595,78.58428,,village
Sandhupettai,,Tiruchirappalli,,10.66832,78.33223,,hamlet
Sangamareddipatti,,Tiruchirappalli,,10.63993,78.41868,,hamlet
Sangampatti,,Tiruchirappalli,,11.17850,78.53900,,village
Sangikavundampatti,,Tiruchirappalli,,10.49874,78.47139,,hamlet
Sangipatti,,Tiruchirappalli,,10.57471,78.44805,,hamlet
Sanjeevipuram,,Tiruchirappalli,,11.05357,78.30631,,hamlet
Sankarpalayam,,Tiruchirappalli,,10.83345,78.71986,,village
Saradamangalam,,Tiruchirappalli,,11.06021,78.94990,,village
Saralaippatti,,Tiruchirappalli,,10.51906,78.57197,,village
Saralapatti,,Tiruchirappalli,,10.54248,78.27260,,hamlet
Saralapatty,,Tiruchirappalli,,10.49326,78.37398,,hamlet
Saranathpuram,,Tiruchirappalli,,10.48410,78.56222,,hamlet
Saravanampatti,,Tiruchirappalli,,10.64696,78.33954,,hamlet
Sathambadi,,Tiruchirappalli,,10.90166,78.74443,,village
Sathanpedy,,Tiruchirappalli,,10.44631,78.44199,,hamlet
Sathiram,,Tiruchirappalli,,10.98349,78.29206,,hamlet
Sathirapatti,,Tiruchirappalli,,10.97816,78.65607,,village
Sattamangalam,,Tiruchirappalli,,10.86361,78.84613,,village
Sattambadi,,Tiruchirappalli,,11.06247,78.99337,,village
Sattanur,,Tiruchirappalli,,11.07561,78.65443,,village
Sattirapatti,,Tiruchirappalli,,10.74514,78.58407,,village
Saturbhagam,,Tiruchirappalli,,11.04967,78.96634,,village
Savariyarpuram,,Tiruchirappalli,,10.56611,78.33829,,hamlet
Seegampatti,,Tiruchirappalli,,10.34506,78.34325,,hamlet
Seegampatti Colony,,Tiruchirappalli,,10.40829,78.43513,,hamlet
Seegampatty,,Tiruchirappalli,,10.52485,78.19997,,hamlet
Seelaipillaiyarputhur,,Tiruchirappalli,,10.97121,78.23289,,village
Seelnaickanpatti,,Tiruchirappalli,,10.48370,78.40264,,hamlet
Seerathoppu,,Tiruchirappalli,,10.83752,78.63509,சீராத்தோப்பு,village
Seethapatti,,Tiruchirappalli,,11.00619,78.21330,,village
Seethapatty,,Tiruchirappalli,,10.48853,78.29284,,hamlet
Seevampatti,,Tiruchirappalli,,10.96530,78.46412,,village
Seevilipatti,,Tiruchirappalli,,10.98430,78.45818,,village
Segampatti,,Tiruchirappalli,,10.59905,78.29421,,hamlet
Sekkadinattam,,Tiruchirappalli,,11.09495,78.34258,,hamlet
Sekkanam,,Tiruchirappalli,,10.55474,78.27459,,hamlet
Sellaipalaiyam,,Tiruchirappalli,,11.06921,78.58563,,village
Sellakavundanpatti,,Tiruchirappalli,,10.55823,78.42924,,hamlet
Sellanaickanpatti,,Tiruchirappalli,,10.51744,78.28645,,hamlet
Sellayeekoil medu,,Tiruchirappalli,,10.94404,78.48159,,village
Sellipalaiyam,,Tiruchirappalli,,11.02174,78.41532,,village
Sellippalaiyam,,Tiruchirappalli,,11.21021,78.61182,,village
Sembakavundanpudur,,Tiruchirappalli,,11.07163,78.20346,,hamlet
Sembarai,,Tiruchirappalli,,10.89787,78.89085,,village
Sembulichampatti,,Tiruchirappalli,,11.25626,78.65966,,village
Sembur,,Tiruchirappalli,,11.31880,78.58560,,village
Semmettupatti,,Tiruchirappalli,,10.37097,78.34281,,village
Senappanallur,,Tiruchirappalli,,11.13913,78.54056,,village
Senappanallur Pudur,,Tiruchirappalli,,11.13082,78.54100,,village
Sendamangudi,,Tiruchirappalli,,10.93423,78.50404,,village
Sengalattappatti,,Tiruchirappalli,,10.69032,78.59931,,hamlet
Sengaraiyur,,Tiruchirappalli,,10.87992,78.93072,செங்கரையூர்,village
Sengattupatti,,Tiruchirappalli,,11.19828,78.64569,,village
Sengendi,,Tiruchirappalli,,10.94600,78.87506,,village
Sengudi,,Tiruchirappalli,,10.66539,78.44064,,hamlet
Sengulipatti,,Tiruchirappalli,,10.93184,78.65666,,village
Senkurichy,,Tiruchirappalli,,10.73183,78.64679,செங்குறிச்சி,village
Sennakarai,,Tiruchirappalli,,10.91102,78.58675,,village
Senthamaraikan,,Tiruchirappalli,,10.90419,78.61147,,village
Senthurappatti,,Tiruchirappalli,,10.67923,78.58613,,village
Sergudi,,Tiruchirappalli,,11.05416,78.41829,,village
Sergudi Nadar Colony,,Tiruchirappalli,,11.07153,78.43504,,hamlet
Serukaranpatti,,Tiruchirappalli,,11.19794,78.55326,,village
Servaikarampatti,,Tiruchirappalli,,11.04057,78.24999,,village
Servaikaranpatti,,Tiruchirappalli,,10.48277,78.33138,,hamlet
Servaikkaranpatti,,Tiruchirappalli,,10.45934,78.55445,,hamlet
Seshalur,,Tiruchirappalli,,10.53868,78.26532,,hamlet
Seshasamudram,,Tiruchirappalli,,10.86431,78.79955,,village
Sethupatti,,Tiruchirappalli,,10.44406,78.44501,,hamlet
Sevai Pannai,,Tiruchirappalli,,10.93753,78.70199,,village
Sevakattupatti,,Tiruchirappalli,,10.69474,78.51536,,hamlet
Sevalpatti,,Tiruchirappalli,,10.36784,78.34821,,village
Sevanathampatti,,Tiruchirappalli,,10.32485,78.38504,,village
Sevandampatti,,Tiruchirappalli,,11.11496,78.44907,,village
Sevandiandipatti,,Tiruchirappalli,,10.65093,78.62761,,hamlet
Sevanthilingapuram,,Tiruchirappalli,,10.93020,78.46684,,village
Seventhinathapuram,,Tiruchirappalli,,10.85558,78.79239,,village
Shanamangalam,,Tiruchirappalli,,11.05906,78.78905,,village
Shobanapuram,,Tiruchirappalli,,11.28408,78.52238,,village
Sidevimangalam,,Tiruchirappalli,,11.11213,78.80141,,village
Sikkadu,,Tiruchirappalli,,11.27671,78.69711,,village
Sikkattambur,,Tiruchirappalli,,11.20035,78.55699,,village
Silaiyathi,,Tiruchirappalli,,10.89202,78.63224,,village
Silaiyur,,Tiruchirappalli,,11.29456,78.67368,,village
Silambampatti,,Tiruchirappalli,,10.43759,78.34069,,village
Siluvaippatti,,Tiruchirappalli,,11.04445,78.99114,,village
Singalandapuram,,Tiruchirappalli,,11.10556,78.58810,,village
Singalavaram,,Tiruchirappalli,,10.77588,78.57070,,village
Singilipatti,,Tiruchirappalli,,10.42370,78.32017,,hamlet
Sinnamanapatti,,Tiruchirappalli,,10.55574,78.44706,,hamlet
Sinthampatty,,Tiruchirappalli,,11.01338,78.52213,,village
Sirugamani,,Tiruchirappalli,,10.89471,78.53105,சிறுகமணி,village
Sirugambur,,Tiruchirappalli,,10.90272,78.60565,,village
Siruganur,,Tiruchirappalli,,11.01467,78.79309,சிறுகனூர்,village
Sirugudi,,Tiruchirappalli,,11.01029,78.67807,,village
Sirukalappur,,Tiruchirappalli,,11.04472,78.90002,,village
Sirumarudur,,Tiruchirappalli,,10.88441,78.75770,,village
Sirumayangudi,,Tiruchirappalli,,10.89454,78.86922,,village
Sirunattam,,Tiruchirappalli,,11.18676,78.57335,,village
Sirunavalur,,Tiruchirappalli,,11.21162,78.48828,,village
Sirupathur South,,Tiruchirappalli,,10.98252,78.69937,,village
Sirupattur,,Tiruchirappalli,,10.99544,78.68821,,village
Sirusolampatti,,Tiruchirappalli,,11.00407,78.57651,,village
Siruvayalur,,Tiruchirappalli,,10.98636,78.89089,,village
Sithambur North,,Tiruchirappalli,,10.94048,78.57507,,village
Sithambur South,,Tiruchirappalli,,10.92583,78.57867,,village
Sithoor,,Tiruchirappalli,,10.98973,78.36295,,village
Sittakkadu,,Tiruchirappalli,,11.23869,78.46810,,village
Sittitarai,,Tiruchirappalli,,11.00346,78.42483,,village
Sivanthanagar,,Tiruchirappalli,,10.78236,78.56817,,village
Sokkampatti,,Tiruchirappalli,,10.41893,78.48683,,village
Sokkanathpatti,,Tiruchirappalli,,10.40374,78.41764,,hamlet
Solaimatti,,Tiruchirappalli,,11.30022,78.62437,,village
Solampatti,,Tiruchirappalli,,11.01785,78.43131,,village
Soliyammapatti,,Tiruchirappalli,,10.40779,78.49783,,village
Somanpatti,,Tiruchirappalli,,10.53111,78.48631,,village
Sooliyapatti,,Tiruchirappalli,,10.56761,78.43077,,hamlet
Soorampatti,,Tiruchirappalli,,11.06260,78.19343,,village
Soriampatti,,Tiruchirappalli,,10.98607,78.47584,,village
Soriyampatti,,Tiruchirappalli,,10.45196,78.45657,,hamlet
South Thaluthalapatti,,Tiruchirappalli,,10.99203,78.72503,,village
South Thethur,,Tiruchirappalli,,10.31663,78.36168,,village
Srinivasanallur,,Tiruchirappalli,,10.97268,78.36761,,village
Sripuram Pudur,,Tiruchirappalli,,11.02600,78.74026,,village
Sriramasamudram,,Tiruchirappalli,,10.96599,78.20646,,village
Srirangampatti,,Tiruchirappalli,,10.42937,78.50840,,village
Sriranganur,,Tiruchirappalli,,11.06213,78.62197,,village
Srirangarajapuram,,Tiruchirappalli,,10.88241,78.68445,,village
Subbanayakkanur,,Tiruchirappalli,,11.06167,78.30094,,hamlet
Subbarayanpatti,,Tiruchirappalli,,10.85034,78.58216,,village
Subbayapuram,,Tiruchirappalli,,10.84921,78.61107,,village
Subburyapatti,,Tiruchirappalli,,10.38047,78.51868,,village
Sukkampatti,,Tiruchirappalli,,10.99732,78.57213,,village
Sukkampatty,,Tiruchirappalli,,10.99775,78.31309,,village
Suklampattikombai,,Tiruchirappalli,,11.33578,78.44921,,hamlet
Sullipalayam,,Tiruchirappalli,,10.99874,78.18695,,village
Sumadaippatti,,Tiruchirappalli,,10.49763,78.24784,,hamlet
Sunaipuganallur,,Tiruchirappalli,,10.90487,78.63293,,village
Sundakkampatti,,Tiruchirappalli,,10.61786,78.36558,,village
Sunnambukaranpatti,,Tiruchirappalli,,10.80193,78.61296,சுண்ணாம்புகாரன்பட்டி,village
Surakkaipatti,,Tiruchirappalli,,10.42293,78.35861,,hamlet
Suralippatti,,Tiruchirappalli,,10.69838,78.58509,,village
Surampatti,,Tiruchirappalli,,11.04638,78.41448,,village
Surattur,,Tiruchirappalli,,11.14086,78.61415,,village
Suriyur,,Tiruchirappalli,,10.66080,78.78750,,village
Suruttapalayam,,Tiruchirappalli,,10.98115,78.28510,,hamlet
T Edayapatti,,Tiruchirappalli,,10.41651,78.45013,,village
T Sukkampatti,,Tiruchirappalli,,10.49631,78.40387,,hamlet
Tachankurichi,,Tiruchirappalli,,10.95417,78.81888,,village
Talamalaippatti,,Tiruchirappalli,,11.06771,78.26569,,village
Talur,,Tiruchirappalli,,11.24714,78.67873,,village
Tambiranpadugai,,Tiruchirappalli,,10.91359,78.76468,,hamlet
Tandalai,,Tiruchirappalli,,11.00873,78.54401,,village
Tandalai Puthur,,Tiruchirappalli,,10.99746,78.52963,,village
Tandangorai,,Tiruchirappalli,,10.85942,78.75536,,village
Tandavampatti,,Tiruchirappalli,,11.10749,78.46579,,village
Tanganagar,,Tiruchirappalli,,11.25100,78.44145,,village
Tangasalai,,Tiruchirappalli,,10.92088,79.00024,,village
Tannippallam,,Tiruchirappalli,,11.27736,78.64825,,hamlet
Tanrapalani Colony,,Tiruchirappalli,,11.08086,78.84978,,village
Tappay,,Tiruchirappalli,,10.98981,78.91123,,village
Tavuttuppatti,,Tiruchirappalli,,11.07077,78.57637,,village
Tekkamalaikovilpatti,,Tiruchirappalli,,10.54385,78.28716,,hamlet
Tekkiyur,,Tiruchirappalli,,11.09880,78.58530,,village
Tekku Irungalur,,Tiruchirappalli,,10.93913,78.76189,,village
Tembadi,,Tiruchirappalli,,11.31554,78.69832,,hamlet
Tengal,,Tiruchirappalli,,10.88734,78.83858,,hamlet
Terku Nalliyampatti,,Tiruchirappalli,,11.02069,78.55422,,village
Thalakudi,,Tiruchirappalli,,10.87438,78.72062,தாளக்குடி,village
Thalakulathupatti,,Tiruchirappalli,,10.65911,78.34166,,hamlet
Thalampatti,,Tiruchirappalli,,10.40606,78.43138,,hamlet
Thalavoipatti,,Tiruchirappalli,,10.36174,78.36844,,hamlet
Thammanaickanoor,,Tiruchirappalli,,10.48136,78.32849,,hamlet
Thanavalanallur,,Tiruchirappalli,,10.92162,78.97105,,hamlet
Thandalkaranur,,Tiruchirappalli,,10.54809,78.31981,,hamlet
Thanneerpandhal,,Tiruchirappalli,,10.97719,78.61585,,village
Tharakkipatti,,Tiruchirappalli,,10.65503,78.30347,,hamlet
Thathaiyangarpet,,Tiruchirappalli,,11.12125,78.44965,தாத்தையங்கார்பேட்டை,town
Thathakaundampatti,,Tiruchirappalli,,10.51460,78.44333,,village
Thathamalaipatty,,Tiruchirappalli,,10.51800,78.37679,,hamlet
Thathamangalam North,,Tiruchirappalli,,10.98386,78.71203,,village
Thathamangalam South,,Tiruchirappalli,,10.97809,78.71593,,village
Thathampannai,,Tiruchirappalli,,10.99847,78.48909,,village
Thathampatti,,Tiruchirappalli,,10.61662,78.34165,,hamlet
Thathanaickanpatty,,Tiruchirappalli,,10.64998,78.51943,,hamlet
Thathanur,,Tiruchirappalli,,10.52226,78.46324,,hamlet
Thathapatti,,Tiruchirappalli,,10.35942,78.35528,,hamlet
Thavalaveerampatti,,Tiruchirappalli,,10.65626,78.27842,,village
Thavasipatti,,Tiruchirappalli,,10.32650,78.36819,,hamlet
Thavittupatty,,Tiruchirappalli,,10.59597,78.44175,,hamlet
Thayanur,,Tiruchirappalli,,10.78625,78.60153,தாயனூர்,village
Theerampalayam,,Tiruchirappalli,,10.93780,78.65696,,village
Theneripatti,,Tiruchirappalli,,10.70713,78.84350,,village
Thenimalaipatti,,Tiruchirappalli,,10.62937,78.38885,,hamlet
Thennarasur,,Tiruchirappalli,,11.00776,78.97767,தென்னரசூர்,village
Thenur,,Tiruchirappalli,,10.46511,78.51259,தேனூர்,village
Theraniyampatti North,,Tiruchirappalli,,10.95678,78.48941,,village
Theraniyampatti South,,Tiruchirappalli,,10.95172,78.48986,,village
Therkku Paganur,,Tiruchirappalli,,10.72578,78.61078,,village
Therkku kottam,,Tiruchirappalli,,11.11565,78.42246,,village
Therku Ammapettai,,Tiruchirappalli,,10.53233,78.28598,,hamlet
Therku Chathiram,,Tiruchirappalli,,10.87413,78.73731,,village
Therku Elaikattupatti,,Tiruchirappalli,,10.39704,78.29186,,hamlet
Therkukalam,,Tiruchirappalli,,10.62015,78.46324,,hamlet
Therkumedu,,Tiruchirappalli,,10.79836,78.55957,,hamlet
Therkupallam,,Tiruchirappalli,,10.98875,78.66462,,village
Therkuseripatti,,Tiruchirappalli,,10.66828,78.47384,,village
Thimmanur,,Tiruchirappalli,,10.65841,78.31394,,hamlet
Thinnakkulam,,Tiruchirappalli,,10.91005,78.97063,,hamlet
Thinnakonam,,Tiruchirappalli,,10.96401,78.52562,,village
Thiruchendurai,,Tiruchirappalli,,10.87420,78.61015,,village
Thiruchendurai Agraharam,,Tiruchirappalli,,10.87350,78.61074,,village
Thirueengoimali,,Tiruchirappalli,,10.97260,78.40906,,village
Thirumalaisamuthiram,,Tiruchirappalli,,10.70840,78.68353,திருமலைசமுத்திரம்,village
Thirumalayanpatti,,Tiruchirappalli,,10.54757,78.41424,,village
Thirumalayur,,Tiruchirappalli,,10.97989,78.40880,,hamlet
Thirunarayanapuram,,Tiruchirappalli,,10.97261,78.31923,,village
Thirunedunkulam,,Tiruchirappalli,,10.77385,78.85208,திருநெடுங்குளம்,village
Thirupalthurai,,Tiruchirappalli,,10.84278,78.77102,,village
Thirupanjeeli,,Tiruchirappalli,,10.93575,78.64289,,village
Thiruthalaiyur South,,Tiruchirappalli,,11.02857,78.54431,,village
Thiruthiyamalai,,Tiruchirappalli,,10.98341,78.56267,,village
Thiruvalarsolai,,Tiruchirappalli,,10.84874,78.74256,,village
Thiruvalluvar Nagar,,Tiruchirappalli,,10.93111,78.95073,,hamlet
Thiruvarangapatti,,Tiruchirappalli,,10.91717,78.66271,,village
Thiruvasi,,Tiruchirappalli,,10.88985,78.66545,,village
Thiruvellarai,,Tiruchirappalli,,10.95658,78.66855,,village
Thiruvetriyur,,Tiruchirappalli,,11.02797,78.55506,,village
Thodaimanpatti,,Tiruchirappalli,,10.79960,78.81647,,village
Thomas Nagar,,Tiruchirappalli,,10.57259,78.34701,,hamlet
Thoppakoundanur,,Tiruchirappalli,,10.63037,78.29057,,village
Thoppalampatty,,Tiruchirappalli,,10.97671,78.47974,,hamlet
Thoppampatti,,Tiruchirappalli,,10.54404,78.43732,,hamlet
Thoppanaickanpatti,,Tiruchirappalli,,10.52473,78.28886,,village
Thoppulanpatti,,Tiruchirappalli,,10.41104,78.44196,,hamlet
Thoppupatti,,Tiruchirappalli,,10.68659,78.56022,,village
Thoppur,,Tiruchirappalli,,10.62735,78.27363,,hamlet
Thopukaranpannai,,Tiruchirappalli,,10.94803,78.71031,,village
Thottipatti,,Tiruchirappalli,,10.64138,78.46453,,hamlet
Thottiyam,,Tiruchirappalli,,10.98918,78.33544,தொட்டியம்,town
Thottiyapatti,,Tiruchirappalli,,10.96325,78.47561,,village
Thottiyapatty,,Tiruchirappalli,,10.99649,78.29657,,village
Thudaiyur,,Tiruchirappalli,,10.89105,78.64683,,village
Thukukkampatty,,Tiruchirappalli,,10.58627,78.39477,,hamlet
Thulukamapatti,,Tiruchirappalli,,10.51596,78.25504,,hamlet
Thulukampatti,,Tiruchirappalli,,10.44863,78.51529,,hamlet
Thulukkampatti,,Tiruchirappalli,,10.57380,78.37552,துலுக்கம்பட்டி,village
Thumbalam,,Tiruchirappalli,,11.03012,78.42976,தும்பலம்,village
Thuraikudi,,Tiruchirappalli,,10.66764,78.65626,,village
Thuraiyur,,Tiruchirappalli,,11.15189,78.59571,துறையூர்,town
Thuvakudi,,Tiruchirappalli,,10.74715,78.82141,துவாக்குடி,town
Thuvarankurichchi,,Tiruchirappalli,,10.37580,78.38729,துவரங்குறிச்சி,town
Tillampatti,,Tiruchirappalli,,10.94591,78.66241,,village
Timmanayakkanpudur,,Tiruchirappalli,,11.03607,78.24744,,village
Tindukkarai,,Tiruchirappalli,,10.87854,78.58611,,village
Tinnanur,,Tiruchirappalli,,11.04997,78.63778,,village
Tinniyam,,Tiruchirappalli,,10.88532,78.89977,,village
Tirampatti,,Tiruchirappalli,,10.60441,78.40243,,village
Tiranipalaiyam,,Tiruchirappalli,,11.08937,78.87789,,village
Tiruchirappalli,,Tiruchirappalli,,10.80711,78.68809,திருச்சிராப்பள்ளி,city
Tirumanamedu,,Tiruchirappalli,,10.86420,78.77062,,village
Tirumangalam,,Tiruchirappalli,,10.89543,78.80751,,village
Tirumughanagar,,Tiruchirappalli,,10.89981,78.50326,,village
Tirunellipatti,,Tiruchirappalli,,10.48062,78.41852,,hamlet
Tirupparaithurai,,Tiruchirappalli,,10.88426,78.56286,,village
Tiruppattur,,Tiruchirappalli,,11.03708,78.77197,,village
Tiruttalaiyur,,Tiruchirappalli,,11.03655,78.54564,,village
Tiruvenkatapuram,,Tiruchirappalli,,11.02018,78.32934,,village
Tolurpatti,,Tiruchirappalli,,11.02465,78.31351,,village
Tonur,,Tiruchirappalli,,11.26617,78.68101,,village
Toppampatti,,Tiruchirappalli,,10.66624,78.39753,,village
Tottanur,,Tiruchirappalli,,10.87860,78.75562,,hamlet
Tulaiyanattam,,Tiruchirappalli,,11.04931,78.49444,,village
Turaiyur Puduppatti,,Tiruchirappalli,,11.03173,78.56066,,village
Udaiyapatti,,Tiruchirappalli,,10.64806,78.43489,,village
Udaiyarnattam,,Tiruchirappalli,,10.87545,78.77476,,village
Udayakulampudur,,Tiruchirappalli,,11.05646,78.28523,,village
Udayampatti,,Tiruchirappalli,,10.96638,78.64147,,village
Uddandampatti,,Tiruchirappalli,,11.15701,78.46560,,village
Ukkalur,,Tiruchirappalli,,11.09049,78.87631,,village
Ullur,,Tiruchirappalli,,11.06343,78.57265,,village
Umayalpuram,,Tiruchirappalli,,10.93323,78.46064,,village
Unaiyur,,Tiruchirappalli,,10.46072,78.57576,,village
Unniyur,,Tiruchirappalli,,11.00182,78.17641,,village
Uppathupallam,,Tiruchirappalli,,11.02345,78.29330,,village
Uppathupatti,,Tiruchirappalli,,10.62073,78.32490,,hamlet
Uppiliyapatti,,Tiruchirappalli,,10.63723,78.48009,,hamlet
Uppliyapuram,,Tiruchirappalli,,11.26426,78.51407,,village
Uppukaichitheru,,Tiruchirappalli,,10.78492,78.56336,,village
Uppukaratheru,,Tiruchirappalli,,10.81143,78.56193,,hamlet
Urakkarai,,Tiruchirappalli,,11.13482,78.41801,,village
Urudaiyampatti,,Tiruchirappalli,,11.15506,78.45938,,village
Usilampatti,,Tiruchirappalli,,10.31851,78.34022,,village
Usilampatty,,Tiruchirappalli,,10.59653,78.43356,,hamlet
Uthamaseeri,,Tiruchirappalli,,10.83803,78.77769,,village
Uthukuli,,Tiruchirappalli,,10.51822,78.54231,,village
Uthupatti,,Tiruchirappalli,,10.49195,78.56336,,hamlet
Uttattur,,Tiruchirappalli,,11.07279,78.85596,,village
V Kaikatti,,Tiruchirappalli,,10.48264,78.46305,,hamlet
V.Eadayapatti,,Tiruchirappalli,,10.51354,78.47691,,hamlet
Vadadhalipatti,,Tiruchirappalli,,10.51149,78.47526,,hamlet
Vadagampatti,,Tiruchirappalli,,10.35032,78.37322,,village
Vadagupatti,,Tiruchirappalli,,10.35628,78.34826,,hamlet
Vadakadu,,Tiruchirappalli,,10.40277,78.51488,,hamlet
Vadakattampatty,,Tiruchirappalli,,10.58603,78.43145,,hamlet
Vadakattupatti,,Tiruchirappalli,,10.37836,78.36584,,hamlet
Vadakkikalam,,Tiruchirappalli,,10.36424,78.30990,,hamlet
Vadakkipatti,,Tiruchirappalli,,10.49571,78.33880,,hamlet
Vadakku Ammapatti,,Tiruchirappalli,,10.53796,78.28248,,hamlet
Vadakku Ammapettai,,Tiruchirappalli,,10.73797,78.56841,,village
Vadakku Irungalur,,Tiruchirappalli,,10.94309,78.76202,,village
Vadakku Nagamangalam,,Tiruchirappalli,,10.71153,78.62138,,village
Vadakku Nalliyampatti,,Tiruchirappalli,,11.02511,78.55340,,village
Vadakku Paganur,,Tiruchirappalli,,10.74444,78.60751,,village
Vadakku Salakadu,,Tiruchirappalli,,10.94618,78.70282,,village
Vadakku Thottiyapatty,,Tiruchirappalli,,10.99909,78.29533,,hamlet
Vadakkumoolangudi,,Tiruchirappalli,,10.84591,78.59749,,village
Vadakkupatti,,Tiruchirappalli,,10.94293,78.69182,,village
Vadakkuppatti,,Tiruchirappalli,,11.19827,78.50044,,village
Vadakkur Ellaikottu,,Tiruchirappalli,,10.42697,78.31254,,hamlet
Vadakkuseripatti,,Tiruchirappalli,,10.67486,78.47058,,village
Vadakupatty,,Tiruchirappalli,,10.60126,78.44533,,hamlet
Vadamalaippatti,,Tiruchirappalli,,11.13943,78.47185,,village
Vadipatti,,Tiruchirappalli,,10.45868,78.49810,,hamlet
Vadugapatti,,Tiruchirappalli,,10.66449,78.42377,,village
Vadugappatti,,Tiruchirappalli,,10.58920,78.40028,,hamlet
Vadugappatti Pudur,,Tiruchirappalli,,10.58968,78.39640,,hamlet
Vaguthlavarpatti,,Tiruchirappalli,,10.48335,78.44243,,village
Vaikkarai,,Tiruchirappalli,,11.15050,78.53694,,village
Vaimettur,,Tiruchirappalli,,10.67880,78.29643,,hamlet
Vaippur,,Tiruchirappalli,,10.89038,78.72856,,village
Vairagoundampatti,,Tiruchirappalli,,10.49183,78.34179,,hamlet
Vairampatti,,Tiruchirappalli,,10.43852,78.52675,,hamlet
Vairaperumalpatti,,Tiruchirappalli,,11.23991,78.44991,,village
Vairichettipalaiyam,,Tiruchirappalli,,11.28770,78.48888,,village
Vaiyamalaipalayam,,Tiruchirappalli,,10.70345,78.28993,,hamlet
Vaiyampatti,,Tiruchirappalli,,10.55094,78.30391,வையம்பட்டி,village
Valadi,,Tiruchirappalli,,10.87384,78.76173,வாளாடி,village
Valaiyappatti,,Tiruchirappalli,,11.27211,78.49128,,village
Valaiyeduppu,,Tiruchirappalli,,11.08023,78.47749,,village
Valaiyur,,Tiruchirappalli,,11.30842,78.72206,,village
Valaiyur South,,Tiruchirappalli,,11.01276,78.71689,,village
Valakattai,,Tiruchirappalli,,10.87890,78.72188,,hamlet
Valanadu,,Tiruchirappalli,,10.44949,78.48448,,village
Valarthanagaram,,Tiruchirappalli,,10.64176,78.30568,,hamlet
Valasiramani,,Tiruchirappalli,,11.12543,78.35788,,village
Valasupatti,,Tiruchirappalli,,10.50223,78.46951,,hamlet
Valavandi,,Tiruchirappalli,,11.02179,78.49138,,village
Valavanur,,Tiruchirappalli,,10.86549,78.76204,,village
Valayapatti,,Tiruchirappalli,,10.41478,78.47564,,hamlet
Valayapatty,,Tiruchirappalli,,10.54015,78.40932,,village
Valithiyur,,Tiruchirappalli,,10.86810,78.85615,,village
Vallayagoundanpatty,,Tiruchirappalli,,10.45458,78.37447,,hamlet
Valluvanagar,,Tiruchirappalli,,10.89792,78.51210,,village
Valluvar Nagar,,Tiruchirappalli,,10.99918,78.53428,,village
Valmalpalayam Keelur,,Tiruchirappalli,,10.92775,78.62674,,village
Valmalpalayam Melur,,Tiruchirappalli,,10.92619,78.62074,,village
Valmalpalayam Therkiyur,,Tiruchirappalli,,10.92253,78.61739,,village
Valyampatti,,Tiruchirappalli,,10.53887,78.30982,,hamlet
Vandalaigudalur,,Tiruchirappalli,,10.98088,78.87501,,village
Vandiranpalaiyam,,Tiruchirappalli,,10.93824,78.95883,,village
Vannankulathupatty,,Tiruchirappalli,,10.57692,78.43721,,hamlet
Vannarapatti,,Tiruchirappalli,,10.47494,78.54532,,hamlet
Vannarkoil,,Tiruchirappalli,,10.75891,78.60646,,village
Varadarajapuram,,Tiruchirappalli,,11.06787,78.72279,,village
Varakuppai,,Tiruchirappalli,,11.02082,78.92622,,village
Varathakonepatti,,Tiruchirappalli,,10.46149,78.50563,,hamlet
Varatharajapuram,,Tiruchirappalli,,10.97129,78.33726,,village
Vathalai,,Tiruchirappalli,,10.89631,78.58974,,village
Vathamaniyarampatti,,Tiruchirappalli,,10.52118,78.22081,,hamlet
Vavelputhur,,Tiruchirappalli,,11.09376,78.23737,,village
Vayalur,,Tiruchirappalli,,10.82440,78.62266,வயலூர்,village
Vayathirupancheri,,Tiruchirappalli,,10.89320,78.61537,,village
Vaylaur,,Tiruchirappalli,,11.13997,78.39131,,hamlet
Vazhavanthankottai,,Tiruchirappalli,,10.76248,78.83544,வாழவந்தான்கோட்டை,village
Veddakkikalam,,Tiruchirappalli,,10.46976,78.51266,,hamlet
Veedhivadagam,,Tiruchirappalli,,10.81474,78.74548,,village
Veerakoilpatti,,Tiruchirappalli,,10.51791,78.42462,,hamlet
Veeralipatti,,Tiruchirappalli,,10.65962,78.33492,,hamlet
Veeramalaipatti,,Tiruchirappalli,,10.63162,78.28391,,village
Veeramanipatti,,Tiruchirappalli,,10.95481,78.52662,,village
Veeranampatti,,Tiruchirappalli,,10.35095,78.37883,,hamlet
Veeranathanallur,,Tiruchirappalli,,10.89919,78.67576,,village
Veerappur,,Tiruchirappalli,,10.66646,78.34928,,hamlet
Veiyapurikottam,,Tiruchirappalli,,10.97312,78.61491,,hamlet
Velakurichi,,Tiruchirappalli,,10.41096,78.35305,,village
Velampatti,,Tiruchirappalli,,11.16343,78.38247,,village
Velapudaiyanpatti,,Tiruchirappalli,,10.68948,78.58770,,hamlet
Velayudhampalaiyam,,Tiruchirappalli,,11.09461,78.53665,,village
Velayuthamkudi,,Tiruchirappalli,,10.70171,78.75162,,hamlet
Veliyankudipatti,,Tiruchirappalli,,10.42486,78.46112,,hamlet
Veliyanur,,Tiruchirappalli,,11.04874,78.57795,,village
Vellaikal,,Tiruchirappalli,,10.61115,78.41645,,village
Vellaipichampettai,,Tiruchirappalli,,10.49656,78.54645,,village
Vellaippatti,,Tiruchirappalli,,10.64602,78.27544,,hamlet
Vellakkalpatti,,Tiruchirappalli,,11.05341,78.70326,,village
Vellakkarai,,Tiruchirappalli,,10.82286,78.79258,,hamlet
Vellakulathupatti,,Tiruchirappalli,,10.53203,78.31662,,hamlet
Vellalapatti,,Tiruchirappalli,,10.67241,78.31787,,village
Vellalapatti Pudur,,Tiruchirappalli,,11.35079,78.48247,,village
Vellalappatti,,Tiruchirappalli,,11.13296,78.36449,,hamlet
Vellanur,,Tiruchirappalli,,10.91911,78.86433,வெள்ளனூர்,village
Vellaparai,,Tiruchirappalli,,10.96327,78.55615,,village
Vellaperichiyur,,Tiruchirappalli,,10.72985,78.28421,,hamlet
Vellapoolampatty,,Tiruchirappalli,,10.60476,78.37055,,hamlet
Vellivadi,,Tiruchirappalli,,10.70683,78.52401,,village
Velliyakonepatti,,Tiruchirappalli,,10.48584,78.45177,,village
Velliyanur Keelakottam,,Tiruchirappalli,,11.04952,78.58856,,village
Vellur,,Tiruchirappalli,,10.93546,78.48664,,village
Velvakudi,,Tiruchirappalli,,10.89169,78.72458,,village
Vembanur,,Tiruchirappalli,,10.48636,78.56451,,village
Vendampatty,,Tiruchirappalli,,10.99882,78.27257,,village
Vengadanatham,,Tiruchirappalli,,10.97083,78.20159,,hamlet
Vengadattanur,,Tiruchirappalli,,11.20973,78.63766,,village
Vengaikuruchi,,Tiruchirappalli,,10.60282,78.38358,,village
Vengaimandalam,,Tiruchirappalli,,11.00135,78.57715,,village
Vengangudi,,Tiruchirappalli,,10.91026,78.72206,,village
Vengayappatti,,Tiruchirappalli,,11.01553,78.32698,,village
Vengitheru,,Tiruchirappalli,,10.71617,78.28154,,hamlet
Vengur,,Tiruchirappalli,,10.81495,78.77041,,village
Venkadachalapuram,,Tiruchirappalli,,10.64161,78.28044,,hamlet
Venkatachalapuram,,Tiruchirappalli,,11.25445,78.52231,,village
Venkatammalsamudram,,Tiruchirappalli,,11.20190,78.50943,,village
Venkateshapuram,,Tiruchirappalli,,11.15339,78.58010,,village
Venkatnaickenpatti,,Tiruchirappalli,,10.39793,78.39175,,hamlet
Venmaninagar,,Tiruchirappalli,,11.11489,78.35677,,hamlet
Veppanthurai,,Tiruchirappalli,,10.91734,78.57571,,village
Verupurangkottam,,Tiruchirappalli,,10.94270,78.58242,,hamlet
Vettakavundanpudur,,Tiruchirappalli,,11.05878,78.19944,,hamlet
Victor Nagar,,Tiruchirappalli,,10.65430,78.50298,,hamlet
Vidutalaipuram,,Tiruchirappalli,,10.99217,78.86426,,hamlet
Vilangulam,,Tiruchirappalli,,10.81869,78.83413,,village
Vilavuranipatti,,Tiruchirappalli,,10.41956,78.41517,,hamlet
Villukaranpatti,,Tiruchirappalli,,10.48313,78.36405,,hamlet
Vinayagapuram,,Tiruchirappalli,,10.89942,78.90316,,village
Viralikodanpatti,,Tiruchirappalli,,10.54747,78.45516,,hamlet
Viramachampatti,,Tiruchirappalli,,11.12038,78.53062,,village
Virani,,Tiruchirappalli,,10.99704,78.68008,,village
Virthapattiyanpatti,,Tiruchirappalli,,10.55084,78.45835,,hamlet
Virugalur,,Tiruchirappalli,,10.91233,78.97706,,village
Visalakshiammalsamudram,,Tiruchirappalli,,11.15500,78.51171,,village
Viyalanmedu,,Tiruchirappalli,,10.80446,78.57102,,village
Vriyur,,Tiruchirappalli,,10.96132,78.94153,,hamlet
Wearers Colony,,Tiruchirappalli,,11.10892,78.44330,,village
West Paluvanji,,Tiruchirappalli,,10.46944,78.44963,,hamlet
Yagappudaiyanpatti,,Tiruchirappalli,,10.70420,78.60258,,village
alagasthripatti,,Tiruchirappalli,,10.43125,78.33169,,hamlet
ammachatirampudur,,Tiruchirappalli,,10.42823,78.34030,,hamlet
andigoundanpatti,,Tiruchirappalli,,10.51129,78.41699,,hamlet
ayyanarpuram,,Tiruchirappalli,,10.37016,78.42445,,hamlet
chinna melur,,Tiruchirappalli,,11.07958,78.37738,,hamlet
chinnakonarpatti,,Tiruchirappalli,,10.48528,78.43981,,hamlet
chinnamarungi,,Tiruchirappalli,,10.37441,78.44427,,hamlet
chinnankuttu,,Tiruchirappalli,,10.36699,78.32805,,village
kalathupatti,,Tiruchirappalli,,10.31167,78.34979,,hamlet
kalkuthampatty,,Tiruchirappalli,,10.47108,78.55465,,hamlet
kalkuttanpatti,,Tiruchirappalli,,10.37774,78.43530,,hamlet
kallamedu,,Tiruchirappalli,,10.46922,78.45739,,hamlet
kannakonepannaikalam,,Tiruchirappalli,,10.46457,78.51933,,hamlet
karaikadu,,Tiruchirappalli,,10.46376,78.55510,,hamlet
karumalaiyanpatti,,Tiruchirappalli,,10.41248,78.46803,,hamlet
karumaliayankalam,,Tiruchirappalli,,10.40449,78.32559,,hamlet
kavundampatti,,Tiruchirappalli,,10.46492,78.46880,,hamlet
keelakuruchipatty,,Tiruchirappalli,,10.43569,78.56010,,hamlet
kizhkukalam,,Tiruchirappalli,,10.46890,78.51910,,hamlet
kottaikarai,,Tiruchirappalli,,10.45083,78.35747,,hamlet
kovilkattupatty,,Tiruchirappalli,,10.50889,78.44097,,hamlet
kumbakonekalam,,Tiruchirappalli,,10.51192,78.46330,,hamlet
kuppapatti,,Tiruchirappalli,,10.47161,78.45681,,hamlet
kuruthankudipatti,,Tiruchirappalli,,10.40695,78.49227,,hamlet
malaikoluthampatti,,Tiruchirappalli,,10.53489,78.46925,,hamlet
malaiyandikovil,,Tiruchirappalli,,10.40827,78.32175,,hamlet
malampatti,,Tiruchirappalli,,10.36911,78.29037,,hamlet
manakatur,,Tiruchirappalli,,10.42061,78.42703,,hamlet
maruthupatti,,Tiruchirappalli,,10.47384,78.58508,,hamlet
medukadu,,Tiruchirappalli,,10.48003,78.51331,,hamlet
melakoraipatti,,Tiruchirappalli,,10.51090,78.45843,,hamlet
mokkanpalam,,Tiruchirappalli,,10.40324,78.41452,,hamlet
muthunayakanpatti,,Tiruchirappalli,,10.43322,78.31380,,hamlet
naikarkalam,,Tiruchirappalli,,10.53280,78.47887,,hamlet
northkalam,,Tiruchirappalli,,10.41866,78.44458,,hamlet
palakalam,,Tiruchirappalli,,10.50767,78.47518,,hamlet
palapatti,,Tiruchirappalli,,10.42170,78.46931,,hamlet
periyalapatti,,Tiruchirappalli,,10.44354,78.50176,,hamlet
periyamarungi,,Tiruchirappalli,,10.37084,78.43708,,hamlet
poolampatti,,Tiruchirappalli,,10.49015,78.47913,,hamlet
posaraistreet,,Tiruchirappalli,,10.41761,78.47975,,hamlet
puthirankadu,,Tiruchirappalli,,10.51407,78.54553,,hamlet
rajapatti,,Tiruchirappalli,,10.39356,78.52476,,hamlet
sakkilliyauranipatti,,Tiruchirappalli,,10.53884,78.48316,,hamlet
sankampatti,,Tiruchirappalli,,10.50302,78.55705,,hamlet
seniyapatti,,Tiruchirappalli,,10.53410,78.48569,,hamlet
thathasolaipatti,,Tiruchirappalli,,10.51056,78.44974,,hamlet
thekudaipu,,Tiruchirappalli,,10.51608,78.57372,,hamlet
thillaicheetiyapatti,,Tiruchirappalli,,10.53561,78.48247,,hamlet
thillampatti,,Tiruchirappalli,,10.50457,78.49093,,hamlet
thoppanayakanpatty,,Tiruchirappalli,,10.43756,78.32248,,hamlet
ulakankalam,,Tiruchirappalli,,10.48054,78.56025,,hamlet
vadakipatty,,Tiruchirappalli,,10.37912,78.36309,,hamlet
vannarapatty,,Tiruchirappalli,,10.42360,78.35151,,hamlet
vellapatti,,Tiruchirappalli,,10.42642,78.50378,,hamlet
vettukadu,,Tiruchirappalli,,10.43242,78.42468,,hamlet
westkalam,,Tiruchirappalli,,10.46470,78.42140,,hamlet
yagapuram,,Tiruchirappalli,,10.42327,78.42888,,village
yagapuram A.D. Colony,,Tiruchirappalli,,10.41154,78.41274,,hamlet
