village,taluk,district,census_code,lat,lng,name_ta,place_type
A. Thekkalur,,Pudukkottai,,10.19860,78.50920,,hamlet
A.Mathur,,Pudukkottai,,10.43453,78.93194,,village
Aalankudipatti,,Pudukkottai,,10.63253,78.81492,,village
Aanaivaari,,Pudukkottai,,10.21087,78.82818,ஆனைவாரி,village
Aanaivilundhangeni,,Pudukkottai,,10.67822,79.04494,,village
Aandikulappampatti,,Pudukkottai,,10.44050,79.06427,,village
Aandipatti,,Pudukkottai,,10.27808,78.80740,ஆண்டிப்பட்டி,hamlet
Aandiwail,,Pudukkottai,,9.89543,79.11106,,hamlet
Aathanapatti,,Pudukkottai,,10.58135,78.69696,,hamlet
Aathangaraipatti,,Pudukkottai,,10.61261,79.14040,,village
Aathangaraippatti,,Pudukkottai,,10.29744,78.86608,ஆத்தங்கரைப்பட்டி,hamlet
Aathivayal,,Pudukkottai,,9.95070,79.17026,,hamlet
Aattukkaaranpatti,,Pudukkottai,,10.67630,78.70116,,village
Aayepatti,,Pudukkottai,,10.48062,79.04425,ஆயிப்பட்டி,village
Achanyakanpatti,,Pudukkottai,,10.57743,78.59877,,village
Achuthapuram,,Pudukkottai,,10.64138,79.06727,,village
Adalaikalabhairavapuram,,Pudukkottai,,10.15438,79.16421,,village
Adanakottai,,Pudukkottai,,10.52773,78.96018,ஆதனக்கோட்டை,village
Adappankarachatram,,Pudukkottai,,10.38759,78.78335,அடப்பன்காரசத்திரம்,village
Adhanur,,Pudukkottai,,10.18320,78.74961,ஆதனூர்,village
Adinipatti,,Pudukkottai,,10.52085,78.75811,,village
Adugapatti,,Pudukkottai,,10.22012,78.68713,அடுக்கப்பட்டி,village
Agambadiyanendal,,Pudukkottai,,10.04902,79.12126,அகம்படியாநேந்தல்,hamlet
Agarapatti,,Pudukkottai,,10.52118,78.51213,அகாரபட்டி,village
Agarappatty,,Pudukkottai,,10.36132,78.78575,அகரப்பட்டி,village
Agavayal,,Pudukkottai,,10.49314,78.84478,,village
Agraharam,,Pudukkottai,,10.60506,78.47133,,village
Akkalayakkanpatti,,Pudukkottai,,10.63251,78.59751,,village
Alaganviduthi,,Pudukkottai,,10.53608,79.17059,அழகன்விடுதி,hamlet
Alaganviduthi West,,Pudukkottai,,10.53819,79.16472,,hamlet
Alakanviduthy kilakku colony,,Pudukkottai,,10.53466,79.16400,,hamlet
Alampatti,,Pudukkottai,,10.38581,78.60589,ஆலம்பட்டி,hamlet
Alangadu,,Pudukkottai,,10.32269,79.01590,ஆலங்காடு,village
Alangappatti,,Pudukkottai,,10.52399,78.91636,,village
Alangudi,,Pudukkottai,,10.14605,78.98751,,hamlet
Alankampatti,,Pudukkottai,,10.61899,78.52155,,village
Alappiranthan,,Pudukkottai,,10.17537,78.95922,ஆளப்பிறந்தான்,village
Alathivayal,,Pudukkottai,,10.02526,79.02013,ஆலத்திவயல்,village
Alathur,,Pudukkottai,,10.47736,78.62003,ஆலத்தூர்,village
Alattur,,Pudukkottai,,9.91541,79.12701,ஆலத்தூர்,village
Alavayal,,Pudukkottai,,10.32423,78.54235,ஆலவயல்,village
Aliyanilai,,Pudukkottai,,10.20681,78.98578,,village
Allaraimelvayal,,Pudukkottai,,10.14945,79.02955,,village
Alvampatti,,Pudukkottai,,10.58185,78.87209,,village
Amanjakki,,Pudukkottai,,10.13398,79.11670,,village
Amanji,,Pudukkottai,,10.13065,79.00264,அம்மாஞ்சி,village
Amaradakki,,Pudukkottai,,10.01381,79.08099,,village
Amarasimmendrapuram,,Pudukkottai,,10.20483,79.17044,அமரசிம்மேந்திரபுறம்,village
Ambalpuram,,Pudukkottai,,10.19180,79.14109,,village
Ambukoil,,Pudukkottai,,10.49099,79.11028,அம்புக்கோயில்,village
Ambukottai,,Pudukkottai,,10.05042,78.98350,அம்புக்கோட்டை,hamlet
Amburaani,,Pudukkottai,,10.16225,78.93205,அம்புராணி,hamlet
Amburapatti,,Pudukkottai,,10.63092,78.66640,,village
Ammaapatti,,Pudukkottai,,10.20521,78.71172,அம்மாபட்டி,hamlet
Ammachattiram,,Pudukkottai,,10.52825,78.77682,அம்மாச்சத்திரம்,village
Ammanipattu,,Pudukkottai,,10.48422,79.12956,,hamlet
Ammanippattu,,Pudukkottai,,10.47850,79.11862,அம்மானிப்பட்டு,hamlet
Ammankovilpudur,,Pudukkottai,,10.24588,78.48135,,hamlet
Ammankurichi,,Pudukkottai,,10.34080,78.53233,அம்மன்குறிச்சி,village
Ammanpattettai,,Pudukkottai,,10.45973,78.76013,,village
Ammanpatti,,Pudukkottai,,10.26416,78.73803,அம்மன்பட்டி,hamlet
Ammapatti,,Pudukkottai,,10.43172,78.58512,அம்மாபட்டி,hamlet
Ammapattinam,,Pudukkottai,,10.01536,79.23138,அம்மாபட்டிணம்,village
Ammavayal,,Pudukkottai,,10.02469,79.22444,,hamlet
Ammayapatty,,Pudukkottai,,10.33793,78.82311,அம்மையாபட்டி,village
Ammayarvayal,,Pudukkottai,,10.03588,79.14984,,hamlet
Amminippatti,,Pudukkottai,,10.30542,78.73661,அம்மினிப்பட்டி,village
Anaipatti,,Pudukkottai,,10.42400,78.64663,,village
Anavayal,,Pudukkottai,,10.33489,79.11384,,village
Andakkudi,,Pudukkottai,,10.03054,78.96545,அண்டக்குடி,hamlet
Andakkulam,,Pudukkottai,,10.52707,78.89439,அண்டக்குளம்,village
Andakudi,,Pudukkottai,,9.89718,79.10761,,hamlet
Andakudippatti,,Pudukkottai,,10.23619,78.72099,அண்டகுடிப்பட்டி,hamlet
Andangudippatti,,Pudukkottai,,10.53159,78.72290,,village
Andanur,,Pudukkottai,,10.50026,79.06058,அண்டனூர்,village
Andavarayapuram,,Pudukkottai,,10.35152,79.10504,,village
Andipatti,,Pudukkottai,,10.41138,78.75764,,village
Andipatty,,Pudukkottai,,10.55954,79.09635,,village
Andiyapatti,,Pudukkottai,,10.59852,78.46463,,village
Andiyendal,,Pudukkottai,,9.99148,79.12686,ஆண்டிஏந்தல்,hamlet
Anganviduthy,,Pudukkottai,,10.53895,79.15149,அங்கன்விடுதி,hamlet
Angurakulattupatti,,Pudukkottai,,10.58217,78.46112,,village
Anikini,,Pudukkottai,,10.14523,78.91737,அணி கனி,village
Annapatti,,Pudukkottai,,10.49116,78.78850,,village
Annathanappatti,,Pudukkottai,,10.50440,78.50088,,village
Annavasal,,Pudukkottai,,10.46083,78.69935,அன்னவாசல்,village
Antikonpatti,,Pudukkottai,,10.41256,78.95251,ஆண்டிக்கோன்பட்டி,hamlet
Ara Madagam(Vattam),,Pudukkottai,,10.04740,79.01158,,village
Aranginapatti,,Pudukkottai,,10.29104,78.72530,அரங்கினாபட்டி,hamlet
Arangudippatti,,Pudukkottai,,10.55992,78.70116,,hamlet
Aranipatti,,Pudukkottai,,10.23657,78.65475,ஏரணிப்பட்டி,hamlet
Aranippatti,,Pudukkottai,,10.49987,78.87547,,village
Aranmanaipatti,,Pudukkottai,,10.18941,78.76292,அரண்மனைபட்டி,village
Aranthangi,,Pudukkottai,,10.16865,78.99279,அறந்தாங்கி,town
Arasadipatti,,Pudukkottai,,10.39302,78.95212,,village
Arasakudipatti,,Pudukkottai,,10.56118,78.53710,,hamlet
Arasamalai,,Pudukkottai,,10.34901,78.63756,அரசமலை,village
Arasampathi,,Pudukkottai,,10.28021,78.75618,அரசம்பட்டி,hamlet
Arasampatti,,Pudukkottai,,10.59528,78.62192,,hamlet
Arasanagarippattinam,,Pudukkottai,,9.89005,79.12344,அரசநகரிப்பட்டிணம்,village
Arasandampatti,,Pudukkottai,,10.34802,78.76669,அரசந்தம்பட்டி,village
Arasarkulam Keelpathi,,Pudukkottai,,10.19604,79.11886,அரசர்குளம் கீழ்பதி,village
Arasarkulam Melpathi,,Pudukkottai,,10.20065,79.09143,அரசர்குளம் தென்பதி,village
Arasikkadu,,Pudukkottai,,10.65108,78.70451,,village
Arasur,,Pudukkottai,,10.04049,79.01185,அரசூர்,village
Aravampatti,,Pudukkottai,,10.58017,78.99940,அரவம்பட்டி,village
Arayapatti,,Pudukkottai,,10.30736,78.98071,அரையப்பட்டி,village
Arimalam,,Pudukkottai,,10.25499,78.88403,அரிமளம்,town
Arinjinnapatti,,Pudukkottai,,10.40138,78.63645,அறிஞ்சின்னாபட்டி,hamlet
Ariyakonpatti,,Pudukkottai,,10.50505,78.57802,,village
Ariyamaraikadu,,Pudukkottai,,10.14303,79.09641,,village
Ariyandi,,Pudukkottai,,10.43814,79.01288,அரியாண்டி,hamlet
Ariyanipatti,,Pudukkottai,,10.64500,79.03324,அரியாணிப்பட்டி,village
Ariyur,,Pudukkottai,,10.42223,78.73652,அரியூர்,village
Arputhapuram,,Pudukkottai,,10.26427,78.79504,அற்புதபுரம்,hamlet
Arumanthampatti,,Pudukkottai,,10.27025,78.69771,அருமந்தம்பட்டி,hamlet
Arunachalapuram,,Pudukkottai,,10.16097,79.10956,,village
Aruvankaalappatti,,Pudukkottai,,10.62267,78.47624,,village
Atambur,,Pudukkottai,,9.92969,79.03758,அடம்பூர்,hamlet
Athampur,,Pudukkottai,,10.10820,79.20801,ஆத்தம்பூர்,hamlet
Athangaraividuthy,,Pudukkottai,,10.46815,79.07835,ஆத்தங்கரைவிடுதி,village
Athavathur,,Pudukkottai,,10.06276,79.15182,அதவத்தூர்,hamlet
Athavatthur,,Pudukkottai,,9.91768,79.01592,அதவத்தூர்,hamlet
Athigarippatti,,Pudukkottai,,10.28091,78.78725,அதிகாரிபட்டி,hamlet
Athinipatti,,Pudukkottai,,10.38709,78.62100,ஆதிநிபட்டி,hamlet
Athipattinam,,Pudukkottai,,10.01448,79.23181,ஆதிபட்டினம்,hamlet
Athiranviduthi,,Pudukkottai,,10.45740,79.02474,அதிரான்விடுதி,village
Athirivayal,,Pudukkottai,,10.54274,78.79245,,village
Athiydimanai,,Pudukkottai,,10.41071,78.95046,ஆத்தியடிமனை,hamlet
Aththippallam,,Pudukkottai,,10.61214,78.51470,,village
Athur,,Pudukkottai,,10.28207,78.64524,ஆத்தூர்,village
Attani,,Pudukkottai,,10.14728,79.19508,,village
Attankudy,,Pudukkottai,,10.34525,78.80369,ஆட்டான்குடி,hamlet
Attuppatti,,Pudukkottai,,10.59395,78.58933,,hamlet
Attāni,,Pudukkottai,,10.12286,78.95786,,hamlet
Auchukattupatti,,Pudukkottai,,10.41744,78.62035,அச்சுகாட்டுபட்டி,hamlet
Avadaiyar Kovil,,Pudukkottai,,10.07478,79.04370,ஆவுடையார்கோவில்,village
Avaiyaarpatti,,Pudukkottai,,10.62632,78.69717,,village
Avampatti,,Pudukkottai,,10.40510,78.56661,ஆவம்பட்டி,village
Avanam,,Pudukkottai,,9.93787,79.03195,ஆவணம்,hamlet
Avanathankottai,,Pudukkottai,,10.24727,79.02972,ஆவநாதன்கோட்டை,village
Avarankudi,,Pudukkottai,,10.01889,78.99497,ஆவரங்குடி,hamlet
Avathanikkottai,,Pudukkottai,,9.99868,78.99067,அவதனிக்கோட்டை,hamlet
Avavayal,,Pudukkottai,,10.13145,79.06624,,hamlet
Avoor,,Pudukkottai,,10.66023,78.67224,,village
Avudayarpattinam,,Pudukkottai,,10.02289,79.23782,ஆவுடையார்பட்டினம்,hamlet
Ayangudi,,Pudukkottai,,10.22666,79.11032,,village
Ayeenkudipatti,,Pudukkottai,,10.52847,78.70679,,village
Ayingudi,,Pudukkottai,,10.39779,78.76446,,village
Ayipatti,,Pudukkottai,,10.35921,78.95949,,village
Ayippatti,,Pudukkottai,,10.43173,78.69734,,village
Aykudivayal,,Pudukkottai,,10.56528,78.76644,,village
Ayyampatti,,Pudukkottai,,10.42473,78.86474,அய்யம்பட்டி,village
Ayyampattinam,,Pudukkottai,,9.95895,79.18005,அய்யம்பட்டினம்,hamlet
Ayyappatti,,Pudukkottai,,10.65580,78.86395,,village
Ayyavayal,,Pudukkottai,,10.42619,78.84115,அய்யாவயல்,village
Azhagankottai,,Pudukkottai,,10.02079,79.10924,அழகன்கோட்டை,hamlet
Azhaganvayal,,Pudukkottai,,10.13578,79.22047,அழகன்வயல்,village
B.Mathur,,Pudukkottai,,10.43659,78.93468,,village
Balakrishrnapuram,,Pudukkottai,,10.23427,79.14169,,village
Bandhuvakottai,,Pudukkottai,,10.54024,79.11824,பந்துவக்கோட்டை,village
Birahadambalpuram,,Pudukkottai,,10.56096,78.80419,,village
Biramanavayal,,Pudukkottai,,10.09665,79.16566,பிராமணவயல்,village
Boothakudi,,Pudukkottai,,10.64817,78.57023,பூதகுடி,village
Brahmanavayal,,Pudukkottai,,10.13205,79.12873,,village
Brahmapuram,,Pudukkottai,,10.34428,78.86259,,village
Bruhadambalpuram,,Pudukkottai,,10.35000,78.92243,,village
Chandrattanvayal,,Pudukkottai,,10.02582,78.96833,சந்திரட்டான்வயல்,hamlet
Chatrapatti,,Pudukkottai,,10.42622,78.83431,சத்திரப்பட்டி,village
Chattrappatti,,Pudukkottai,,10.54119,78.62413,,village
Chellampatti,,Pudukkottai,,10.51115,78.52663,,village
Chellapillaiyarkoil,,Pudukkottai,,10.14972,79.20767,,hamlet
Chellappankottai,,Pudukkottai,,10.07103,79.15990,செல்லப்பன்கோட்டை,village
Chellappankottai north,,Pudukkottai,,10.07556,79.16199,,hamlet
Cheniyappatti,,Pudukkottai,,10.53646,78.48727,,village
Chennamanayakkanpatti,,Pudukkottai,,10.49667,78.65001,,village
Chettiendal,,Pudukkottai,,10.34376,79.10006,,village
Chettikkadu,,Pudukkottai,,10.24254,78.99548,,village
Chettipatti,,Pudukkottai,,10.57258,78.48154,,village
Chettipitchampatti,,Pudukkottai,,10.32421,78.79377,செட்டிபிட்ச்சம்பட்டி,hamlet
Chettiyur,,Pudukkottai,,10.19930,78.72773,செட்டியூர்,hamlet
Chidambarapuram,,Pudukkottai,,10.17828,79.10203,,village
Chidambaraviduthy,,Pudukkottai,,10.24223,78.97104,,village
Chikkappatti,,Pudukkottai,,10.35921,79.00831,,village
Chinna Kodapatnam,,Pudukkottai,,9.98255,79.18875,,hamlet
Chinna Mulippatti,,Pudukkottai,,10.59972,78.73644,,village
Chinna Sengīrai,,Pudukkottai,,10.12083,78.98249,,village
Chinnakkalluvayal,,Pudukkottai,,10.21300,78.69499,சின்னக்கல்லுவயல்,hamlet
Chinnaooranippatti,,Pudukkottai,,10.61662,78.88737,,hamlet
Chinnapalnipatti,,Pudukkottai,,10.60005,78.56390,,village
Chinnapandurappatti,,Pudukkottai,,10.64274,78.78850,,village
Chinnayasathiram,,Pudukkottai,,10.43941,78.90047,சின்னயாசத்திரம்,village
Chithur,,Pudukkottai,,10.37145,78.69348,சித்தூர்,village
Chitravitangan,,Pudukkottai,,9.97682,79.08656,சித்திரவிடங்கன்,hamlet
Chittakanni,,Pudukkottai,,10.18496,79.11828,,village
Chittakkudippatti,,Pudukkottai,,10.55170,78.68287,,village
Chittampatti,,Pudukkottai,,10.14911,78.91790,சிட்டாம்பட்டி,village
Chittiyaptti,,Pudukkottai,,10.44667,78.58525,,village
Chittuppatti,,Pudukkottai,,10.50769,78.73735,,village
Choiyakkudi,,Pudukkottai,,10.65500,78.65554,,village
Chokkanathapatti,,Pudukkottai,,10.35617,78.53830,சொக்கநாதபட்டி,hamlet
Cholampatti,,Pudukkottai,,10.27943,78.67138,,village
Cholapuram,,Pudukkottai,,10.23786,78.70876,,hamlet
Cholattakovil,,Pudukkottai,,10.22696,78.70910,,hamlet
Chulaippatti,,Pudukkottai,,10.33792,78.83699,சூலைப்பட்டி,village
Chulikkippatti,,Pudukkottai,,10.55574,78.59117,,village
Cinnankonviduthi,,Pudukkottai,,10.52258,79.15072,சின்னான்கோன்விடுதி,village
Ciththuppanduraapatti,,Pudukkottai,,10.63809,78.76661,,hamlet
Dakshinapuram,,Pudukkottai,,10.33687,78.91829,தெட்சிணாபுரம்,village
Dhaarani,,Pudukkottai,,10.04268,78.99320,தாரணி,hamlet
Dharmarajanvayal,,Pudukkottai,,10.12258,78.93282,,village
Duraiyavayal,,Pudukkottai,,10.09166,79.04501,துறையவயல்,hamlet
Duvarankollaipatti,,Pudukkottai,,10.40147,78.94265,விஜயரெகுநாதப்பட்டி,hamlet
Eachampottal,,Pudukkottai,,10.07146,78.99972,ஈச்சம்பொட்டல்,hamlet
Eachmpatti,,Pudukkottai,,10.37975,78.52965,ஈசம்பட்டி,hamlet
Eanathi,,Pudukkottai,,10.12586,79.21345,ஏனாதி,village
East Rayapatty,,Pudukkottai,,10.40012,78.89151,கிழக்கு ராயபட்டி,village
Easwaran koil,,Pudukkottai,,10.54519,78.60312,ஈஸ்வரன்கோயில்,village
Eathanaadu,,Pudukkottai,,10.15418,78.89608,ஏத்தநாடு,hamlet
Echaimangalam,,Pudukkottai,,10.11651,79.05446,எசமங்கலம்,village
Edaiyangollapatti,,Pudukkottai,,10.49680,79.10721,,village
Edaiyanvayal,,Pudukkottai,,10.10277,79.21222,இடையன்வயல்,hamlet
Edaiyapatti,,Pudukkottai,,10.36621,78.55941,இடையபட்டி,hamlet
Edaiyapudur,,Pudukkottai,,10.24784,78.52015,இடையபுதூர்,hamlet
Edaiyathimangalam,,Pudukkottai,,10.06995,79.21045,இடையாத்திமங்கலம்,village
Edaiyathimangalam north,,Pudukkottai,,10.07676,79.20930,,hamlet
Edaiyathur,,Pudukkottai,,10.12997,79.13442,இடையாத்தூர்,village
Edayanvayal,,Pudukkottai,,10.13690,78.94529,இடையன்வயல்,village
Edayapatti,,Pudukkottai,,10.49241,78.63233,இடையப்பட்டி,village
Edayathur,,Pudukkottai,,10.36162,78.57293,இடையாத்தூர்,village
Eechangudi,,Pudukkottai,,10.11952,79.09392,ஈச்சங்குடி,hamlet
Eginivayal,,Pudukkottai,,10.14516,79.14913,,village
Eilakkudippatti,,Pudukkottai,,10.17564,78.68764,ஈழக்குடிப்பட்டி,hamlet
Ekapperumalur,,Pudukkottai,,10.14157,79.16480,,village
Elaikadividuthi,,Pudukkottai,,10.42818,79.09646,இலைகடிவிடுதி,village
Elampavayal,,Pudukkottai,,9.97909,79.02970,இளம்பாவயல்,hamlet
Elanappatti,,Pudukkottai,,10.16191,78.69103,எளனாப்பட்டி,hamlet
Elanjavur,,Pudukkottai,,10.24563,78.77358,இளஞ்சாவூர்,village
Elanthavadi,,Pudukkottai,,10.55608,78.75738,,village
Ellaikalappatti,,Pudukkottai,,10.63252,78.47895,,village
Ellaipatty,,Pudukkottai,,10.39481,78.77490,எல்லைபட்டி,village
Ellapatti,,Pudukkottai,,10.45488,78.58411,,village
Ellayapatti,,Pudukkottai,,10.44882,78.73502,,village
Elunootrimangalam,,Pudukkottai,,10.04222,79.02673,எழுநூத்திமங்கலம்;எழுநூற்றிமங்கலம்,village
Eluvampatti,,Pudukkottai,,10.60426,78.62786,,village
Eluvanpatti,,Pudukkottai,,10.41381,78.54735,எலுவன்கோரை,hamlet
Embakkottai,,Pudukkottai,,9.91893,79.13862,,village
Embal,,Pudukkottai,,10.02200,78.95900,ஏம்பல்,village
Embavayal,,Pudukkottai,,10.11930,78.95905,,village
Enangam,,Pudukkottai,,10.04492,78.96687,ஏனங்கம்,village
Enathi,,Pudukkottai,,9.86209,79.08817,ஏனாதி,hamlet
Enathy,,Pudukkottai,,10.26349,78.52150,ஏனாதி,village
Endavayal,,Pudukkottai,,9.94334,79.13083,,village
Ennai,,Pudukkottai,,10.49296,78.60563,எண்ணை,village
Ennanviduthy,,Pudukkottai,,10.57098,79.18907,இன்னான்விடுதி,hamlet
Ennapatti,,Pudukkottai,,10.28477,78.76245,ஏனப்பட்டி,village
Eraiyur,,Pudukkottai,,10.46675,78.81092,,village
Eruduppatti,,Pudukkottai,,10.53119,78.58555,,village
Erukkalakkottai,,Pudukkottai,,10.23038,79.03316,,village
Erukumanipatti,,Pudukkottai,,10.51013,78.69648,,village
Erunkalanviduthi,,Pudukkottai,,10.54111,79.16381,இருங்களன்விடுதி,hamlet
Etticheri,,Pudukkottai,,9.87923,79.05019,எட்டிச்சேரி,hamlet
Ettiyathali,,Pudukkottai,,10.18634,79.06553,,village
Ettukkaalpatti,,Pudukkottai,,10.60603,78.81030,,village
Evurippatti,,Pudukkottai,,10.62100,78.62761,,village
Ganapathipuram,,Pudukkottai,,10.53216,79.02219,கணபதிபுரம்,village
Gandarvakottai,,Pudukkottai,,10.57289,79.01488,கந்தரவக்கோட்டை,town
Goonerienthal,,Pudukkottai,,9.99543,79.03705,கோனேரியேந்தல்,village
Gopalappattinam,,Pudukkottai,,9.92421,79.14911,கோபாலப்பட்டிணம்,hamlet
Gopalapuram,,Pudukkottai,,10.10365,79.16169,கோபாலபுரம்,village
Gopalpatti,,Pudukkottai,,10.31344,78.43238,கோபால்பட்டி,hamlet
Gothaimangalam,,Pudukkottai,,9.94877,79.00311,கோதைமங்கலம்,hamlet
Govindanayakkanpatti,,Pudukkottai,,10.54389,78.58995,,village
Gudalur,,Pudukkottai,,10.29328,78.88097,,village
Gudithangipatti,,Pudukkottai,,10.49849,79.09543,,village
Ichchangudi,,Pudukkottai,,10.52049,78.56632,,village
Ichiadi I Bit,,Pudukkottai,,10.43551,78.88814,இச்சடி,village
Ichiadi II Bit,,Pudukkottai,,10.42630,78.87766,இச்சடி,village
Idaiyapatti,,Pudukkottai,,10.56798,78.50915,,village
Idaiyappatti,,Pudukkottai,,10.64157,78.59570,,hamlet
Idaiyar,,Pudukkottai,,10.15376,78.97140,இடயர்,village
Idateruvu,,Pudukkottai,,10.03864,79.03968,,hamlet
Idayanvayal,,Pudukkottai,,10.35103,78.86473,,village
Ilambavayal west,,Pudukkottai,,9.97963,79.02665,,hamlet
Ilandapallinattam,,Pudukkottai,,10.65545,78.52948,,hamlet
Ilangudipatti,,Pudukkottai,,10.23082,78.73339,இளங்குடிபட்டி,hamlet
Ilavidudi,,Pudukkottai,,10.43775,79.10291,,hamlet
Illuppakkudippatti,,Pudukkottai,,10.54123,78.73914,,village
Iluppur,,Pudukkottai,,10.51370,78.62155,இலுப்பூர்,town
Immanampatti,,Pudukkottai,,10.37336,78.88453,,village
Indanur,,Pudukkottai,,10.02715,79.03152,இன்டனுர்,hamlet
Injavayal,,Pudukkottai,,10.06604,78.93725,,hamlet
Irasanayakkanpatti,,Pudukkottai,,10.64521,78.58194,,hamlet
Irumbali,,Pudukkottai,,10.46241,78.74597,இரும்பாளி,village
Irumbanadu,,Pudukkottai,,10.05321,78.98863,இரும்பாநாடு,village
Irundirapatti,,Pudukkottai,,10.53669,78.64027,இருந்திராபட்டி,village
Iruthayapuram,,Pudukkottai,,10.24085,78.77862,இருதயபுரம்,hamlet
Isugupatti,,Pudukkottai,,10.23748,78.91913,இசுகுபட்டி,village
Itchikkottai,,Pudukkottai,,10.01574,78.94485,இச்சிக்கோட்டை,village
Iyyanaarpatti,,Pudukkottai,,10.20101,78.91191,அய்யனார்பட்டி,hamlet
Jambodaiviswanāthapuram,,Pudukkottai,,10.14994,78.97086,,hamlet
Jegathapattinam,,Pudukkottai,,9.96792,79.19010,ஜெகதாபட்டினம்,hamlet
K.Chettypatti,,Pudukkottai,,10.21708,78.81927,கானப்பூர்,village
K.Puthuppatti,,Pudukkottai,,10.17340,78.90801,கே . புதுப்பட்டி,hamlet
K.Rayapuram,,Pudukkottai,,10.15444,78.86296,கே.இராயவரம்,village
K.pudupatti,,Pudukkottai,,10.31538,78.52783,கே.புதுப்பட்டி,hamlet
Kaadai Edaiyathur,,Pudukkottai,,10.13555,79.13751,காடைஇடையாத்தூர்,village
Kaadappillaiyaarppatti,,Pudukkottai,,10.59579,78.79380,,village
Kaanappur,,Pudukkottai,,10.22328,78.81802,கானப்பூர்,hamlet
Kaaranieanthal,,Pudukkottai,,10.13262,79.08882,காரணியேந்தல்,hamlet
Kaarippatti,,Pudukkottai,,10.20852,78.77152,காரிப்பட்டி,hamlet
Kaayaampatti,,Pudukkottai,,10.17640,78.90692,காயாம்பட்டி,village
Kaayampatti,,Pudukkottai,,10.28794,78.80407,காயாம்பட்டி,hamlet
Kachchikudichchanvali,,Pudukkottai,,10.11312,79.21396,,hamlet
Kadaikkampatti,,Pudukkottai,,10.57788,78.48585,,village
Kadaiyakkudi,,Pudukkottai,,10.32930,78.82834,கடை ய க்குடி,village
Kadambannarkoil,,Pudukkottai,,10.54596,79.00320,காடம்பனார்கோவில்,village
Kadambappatti,,Pudukkottai,,10.57962,78.80026,,village
Kadambarayapatti,,Pudukkottai,,10.46129,78.65162,,village
Kadambavayal,,Pudukkottai,,10.34000,78.75841,கடம்பவயல்,village
Kadampatti,,Pudukkottai,,10.38833,78.58598,காடாம்பட்டி,hamlet
Kadamppatti,,Pudukkottai,,10.28558,78.77968,கடம்பபட்டி,hamlet
Kadappatti,,Pudukkottai,,10.67662,78.54466,,village
Kadavakottai,,Pudukkottai,,9.89589,79.09540,எட்டிச்சேரி,village
Kadavarayanpatti,,Pudukkottai,,10.63754,79.04045,,village
Kadayapatti,,Pudukkottai,,10.36596,78.70095,,hamlet
Kadikkonpatti,,Pudukkottai,,10.62655,78.47882,,village
Kadukkakadu,,Pudukkottai,,10.39847,79.06126,கடுக்காக்காடு,hamlet
Kaikkudipatti,,Pudukkottai,,10.60755,78.68887,,village
Kaikurichi,,Pudukkottai,,10.34770,78.84808,கைக்குறிச்சி,village
Kailasapuram,,Pudukkottai,,10.18270,78.84044,கைலாசபுரம்,hamlet
Kaivelipatti,,Pudukkottai,,10.40454,78.64499,கைவேலிபட்டி,hamlet
Kakkapatti,,Pudukkottai,,10.59478,78.58061,,hamlet
Kalabam,,Pudukkottai,,9.93861,79.01494,களபம்,village
Kaladipatti,,Pudukkottai,,10.47528,78.67327,,village
Kalaikkudippatti,,Pudukkottai,,10.63425,78.89660,,village
Kalaikudipatti,,Pudukkottai,,10.52011,78.73453,,village
Kalakkamangalam,,Pudukkottai,,10.12267,79.20255,,village
Kalamavur,,Pudukkottai,,10.60139,78.75755,களமாவூர்,village
Kalampatti,,Pudukkottai,,10.51881,78.74534,,village
Kalangudi,,Pudukkottai,,10.30556,78.88041,கலங்குடி,village
Kalanivoipatti,,Pudukkottai,,10.41474,78.61288,கழனிவாய்பட்டி,village
Kalappanur,,Pudukkottai,,10.55824,78.52844,,village
Kalarippatti,,Pudukkottai,,10.64990,78.83109,,village
Kalathuppatti,,Pudukkottai,,10.56891,78.70183,,village
Kalimangalam,,Pudukkottai,,10.67181,78.64997,,village
Kalingipatti,,Pudukkottai,,10.54366,78.69766,,village
Kalivirayanviduthi,,Pudukkottai,,10.52378,79.20537,,hamlet
Kaliyappatti,,Pudukkottai,,10.64699,78.88720,,village
Kaliyaranviduthi,,Pudukkottai,,10.51978,79.20645,கலியரான்விடுதி,village
Kalkudi,,Pudukkottai,,10.65711,78.54568,கல்குடி,village
Kalkulaththuppatti,,Pudukkottai,,10.64289,78.58799,,hamlet
Kalkuththaamppatti,,Pudukkottai,,10.58979,78.56329,,village
Kallaakottai,,Pudukkottai,,10.51975,79.10598,கல்லாக்கோட்டை,village
Kallakathan,,Pudukkottai,,10.07941,79.12968,கள்ளக்காத்தான்,village
Kallakathan ad colony,,Pudukkottai,,10.07247,79.12948,,hamlet
Kallakkuruchi,,Pudukkottai,,10.06355,79.19865,கள்ளக்குறிச்சி,village
Kallampatti,,Pudukkottai,,10.43031,78.62799,,village
Kallampattii,,Pudukkottai,,10.35680,78.51414,கல்லம்பட்டி,village
Kallangudy,,Pudukkottai,,10.35380,78.99153,கல்லாலங்குடி,village
Kallarkottai,,Pudukkottai,,10.02224,79.06361,கள்ளர்கோட்டை,hamlet
Kallichivayal,,Pudukkottai,,10.49634,78.73790,,village
Kalliyadaikkampatti,,Pudukkottai,,10.56823,78.57915,,village
Kallukaranpatti,,Pudukkottai,,10.54359,78.99056,கல்லுகாரன்பட்டி,village
Kallukkudiyiruppu,,Pudukkottai,,10.19997,78.88274,கல்லுக்குடியிருப்பு,hamlet
Kallumadai,,Pudukkottai,,10.56015,79.15958,கல்லுமடை,village
Kallupatti,,Pudukkottai,,10.64247,78.56345,,hamlet
Kalluppallam,,Pudukkottai,,10.38882,78.88321,,village
Kalluppatti,,Pudukkottai,,10.65116,78.98526,,village
Kallur,,Pudukkottai,,10.15113,78.84803,கல்லூர்,village
Kalyanipuram,,Pudukkottai,,10.35939,78.92199,,village
Kamalakudi,,Pudukkottai,,10.05094,79.03270,கமலகுடி,hamlet
Kambagapatty,,Pudukkottai,,10.49849,78.71125,,village
Kambarkovil,,Pudukkottai,,10.12895,79.17580,கம்பர்கோவில்,village
Kammanchatti sathiram,,Pudukkottai,,10.33261,78.78389,கமமஞ்செட்டி சத்திரம்,hamlet
Kammangadu,,Pudukkottai,,10.12442,78.94230,கம்மங்காடு,village
Kammankadu melapatty,,Pudukkottai,,10.45198,78.94720,கம்மங்காடு மேலப்பட்டி,village
Kammankudippatti,,Pudukkottai,,10.22823,78.76506,சாத்தக்குடிப்பட்டி,hamlet
Kanadu,,Pudukkottai,,9.97607,79.12537,கானாடு,village
Kanakkampatti,,Pudukkottai,,10.34823,78.81482,சின்னகணக்கன்பட்டி,village
Kanapettai,,Pudukkottai,,10.22732,78.79004,கானாப்பேட்டை,hamlet
Kanchirangalippatti,,Pudukkottai,,10.55570,78.57559,,village
Kandaiyankoottai,,Pudukkottai,,10.10180,79.09508,கண்டையன்கோட்டை;கண்டயன்கோட்டை,village
Kandanivayal,,Pudukkottai,,10.07123,79.22659,கண்டணிவயல்,village
Kandeduthanpatti,,Pudukkottai,,10.33248,78.60460,கண்டெடுதான்பட்டி,hamlet
Kandianatham,,Pudukkottai,,10.31842,78.53270,கண்டியாநத்தம்,village
Kandichchankadu,,Pudukkottai,,10.13777,79.15379,,village
Kandiyanatchi,,Pudukkottai,,10.51581,79.21005,,hamlet
Kangampatti,,Pudukkottai,,10.54969,78.87681,,village
Kaniyappatti,,Pudukkottai,,10.52415,78.80512,,village
Kanjaramkudi,,Pudukkottai,,10.16086,78.73275,,hamlet
Kankanipatti,,Pudukkottai,,10.36324,78.54662,கண்கானிபட்டி,hamlet
Kannaakkoor,,Pudukkottai,,9.99258,79.11591,கண்ணாக்கூர்,village
Kannak goonpatti,,Pudukkottai,,10.61531,78.76528,,village
Kannakkankadu,,Pudukkottai,,10.40135,79.03396,கணக்கன்காடு,village
Kannamangalam,,Pudukkottai,,9.87086,79.05548,,hamlet
Kannamundampatti,,Pudukkottai,,10.69046,78.89048,,village
Kannangudi,,Pudukkottai,,10.66535,78.83924,கண்ணங்குடி,village
Kannanipatti,,Pudukkottai,,10.20529,78.74425,கண்ணனிப்பட்டி,hamlet
Kannankarakudi,,Pudukkottai,,10.21965,78.79622,கண்ணன்காரக்குடி,village
Kannanoor,,Pudukkottai,,10.26104,78.68237,கண்ணனூர்,village
Kannanur Puthuvayal,,Pudukkottai,,10.24898,78.68103,க. புதுவயல்,hamlet
Kanniyankolai,,Pudukkottai,,10.38906,79.08605,கண்ணியாங்கொல்லை,hamlet
Kanniyapatti,,Pudukkottai,,10.30981,78.89662,,village
Kannukudipatti,,Pudukkottai,,10.50811,79.10907,,village
Kannuthoppu,,Pudukkottai,,10.57456,79.18630,கண்ணுத்தோப்பு,hamlet
Kanur,,Pudukkottai,,9.99548,79.08650,கானூர்,village
Kappadampatti,,Pudukkottai,,10.15750,78.92343,,hamlet
Kappathanpatti,,Pudukkottai,,10.30422,78.76830,கப்பதான்பட்டி,village
Karadivayal,,Pudukkottai,,10.58975,78.90958,,village
Karadiyankulam,,Pudukkottai,,10.25933,78.65505,கரடியான்குளம்,hamlet
Karaikkadu,,Pudukkottai,,10.15592,79.17273,,village
Karaimanaipatty,,Pudukkottai,,10.26098,78.72443,கரைமனைப்பட்டி,hamlet
Karaimedu,,Pudukkottai,,10.55163,78.64591,,village
Karaisurampatti,,Pudukkottai,,10.41501,78.62602,,village
Karaiyaampatti,,Pudukkottai,,10.25686,78.73442,கரையாம்பட்டி,hamlet
Karaiyapatti,,Pudukkottai,,10.16714,78.92464,கரையப்பட்டி,hamlet
Karaiyappatti,,Pudukkottai,,10.23351,78.91876,கரையப்பட்டி,hamlet
Karaiyaviduthy,,Pudukkottai,,10.54461,79.09364,,village
Karaiyur,,Pudukkottai,,10.37069,78.60404,காரையூர்,village
Karakathikkottai,,Pudukkottai,,10.01076,79.18090,கரகத்திக்கோட்டை,village
Karakathikottai south,,Pudukkottai,,10.00467,79.17540,கரகத்திக்கோட்டைதெற்கு,hamlet
Karakkottai,,Pudukkottai,,10.10158,79.19743,காரக்கோட்டை,village
Karakudi,,Pudukkottai,,10.08591,79.05009,காராகுடி,hamlet
Karambakkadu,,Pudukkottai,,10.31171,79.12602,,village
Karambakkaduzamin,,Pudukkottai,,10.30968,79.12487,,village
Karambakkudi,,Pudukkottai,,10.08296,78.98926,,village
Karambakudi,,Pudukkottai,,10.45874,79.13772,கறம்பக்குடி,town
Karambavayal,,Pudukkottai,,10.01392,78.95501,கறம்பவயல்,hamlet
Karambaviduthi,,Pudukkottai,,10.50187,79.13227,கரம்பவிடுதி,village
Karanapatti,,Pudukkottai,,10.40062,78.63009,கர்ணாபட்டி,village
Karanthapatti,,Pudukkottai,,10.55674,78.65632,,village
Karappattu,,Pudukkottai,,10.62758,78.71923,,village
Karavayal,,Pudukkottai,,10.15175,79.11997,,village
Karayampatti,,Pudukkottai,,10.45738,78.74925,,village
Karayankottai,,Pudukkottai,,10.03680,78.99446,கரையான்கோட்டை,hamlet
Karchiranpatti,,Pudukkottai,,10.34739,78.94097,,village
Kariyampatti,,Pudukkottai,,10.62663,78.93460,,village
Kariyappatti,,Pudukkottai,,10.68026,78.87342,,village
Karkamalam,,Pudukkottai,,10.04137,79.13626,கார்க்கமலம்,village
Karu.Therkkutheru,,Pudukkottai,,10.38936,79.10644,கரு.தெற்குதெரு,village
Karu.keelatheru,,Pudukkottai,,10.38880,79.12105,கரு.கீழத்தெரு,village
Karuchchukkaranpalaiyam,,Pudukkottai,,10.24463,78.48132,,hamlet
Karukapoolampatti,,Pudukkottai,,10.34211,78.59074,கருகபூலாம்பட்டி,hamlet
Karumbarankottai,,Pudukkottai,,10.34417,78.97465,,village
Karungkadu,,Pudukkottai,,10.07066,79.07474,கருங்காடு,hamlet
Karuppakuruchi,,Pudukkottai,,10.04454,79.19889,கருப்பக்குறிச்சி,hamlet
Karupparmalai,,Pudukkottai,,10.57523,78.67716,,village
Karuppattipatti,,Pudukkottai,,10.48572,79.05056,கணக்கன்காடு,village
Karuppukkudi,,Pudukkottai,,10.22998,78.49989,,hamlet
Karuppukkurichi,,Pudukkottai,,10.06670,79.09350,கருப்புக்குறிச்சி,village
Karuppukudipatti,,Pudukkottai,,10.23203,78.48907,கருப்புகுடிபட்டி,hamlet
Karuppur,,Pudukkottai,,10.04944,79.04865,கருப்பூர்,hamlet
Karupudayanpatti,,Pudukkottai,,10.52182,78.93608,கருப்புடையான்பட்டி,village
Karur,,Pudukkottai,,9.97219,79.02275,கரூர்,village
Karuttankalipatti,,Pudukkottai,,10.54127,78.55948,,village
Kasavanur,,Pudukkottai,,10.54143,78.49266,கசவனூர்,village
Kasavayal,,Pudukkottai,,10.09806,79.10887,காசாவயல்,village
Kasiyapuram,,Pudukkottai,,10.49631,78.62810,,village
Katathivayal,,Pudukkottai,,9.88273,79.07873,காடாத்திவயல்,hamlet
Katavakkottai,,Pudukkottai,,9.89202,79.09927,கடவாக்கோட்டை,hamlet
Kathakurichi,,Pudukkottai,,10.31264,78.90786,கத்தகுறிச்சி,village
Kathalur,,Pudukkottai,,10.64252,78.62335,காத்தலூர்,village
Kathavampatti,,Pudukkottai,,10.46958,78.60430,கதவம்பட்டி,village
Katheripatti,,Pudukkottai,,10.43059,78.77388,,village
Kathiramangalam,,Pudukkottai,,9.93740,79.06663,,village
Kathuvaripatty,,Pudukkottai,,10.41353,78.88398,கதுவாரிப்பட்டி,village
Kattagudi,,Pudukkottai,,10.56697,78.59203,கட்டாக்குடி,village
Kattaiyandipatti,,Pudukkottai,,10.25357,78.54611,கட்டையாண்டிபட்டி,village
Kattalampatti,,Pudukkottai,,10.61056,78.57352,,hamlet
Kattathi,,Pudukkottai,,10.48587,79.22722,காட்டாத்தி,village
Katthanviduthi,,Pudukkottai,,10.40075,78.96928,காத்தான்விடுதி,hamlet
Kattiyakkaranpatti,,Pudukkottai,,10.51159,78.64145,,village
Kattubiramanavayal,,Pudukkottai,,10.02916,79.14319,காட்டுபிராமணவயல்,hamlet
Kattukarai,,Pudukkottai,,10.02477,79.10783,கட்டுக்கரை,hamlet
Kattukkottaippatti,,Pudukkottai,,10.67358,78.89426,,village
Kattukudi,,Pudukkottai,,10.08447,79.13652,காட்டுக்குடி,hamlet
Kattumarudanpatti,,Pudukkottai,,10.53714,78.73170,,hamlet
Kattumavadi,,Pudukkottai,,10.13659,79.22265,கட்டுமாவடி,village
Kattunaval,,Pudukkottai,,10.55747,79.02118,காட்டுநாவல்,village
Kattupatti,,Pudukkottai,,10.49750,78.92606,காட்டுபட்டி,village
Kattupatty,,Pudukkottai,,10.29001,78.56276,காட்டுபட்டி,village
Kattuppatti,,Pudukkottai,,10.59565,78.53934,,village
Kattuppatty,,Pudukkottai,,10.43154,78.68101,,village
Kattuttattanvayal,,Pudukkottai,,10.24810,78.95144,,village
Kattuvanpirai,,Pudukkottai,,10.45099,79.17685,,village
Kavadukudi,,Pudukkottai,,9.97474,79.07453,காவதுகுடி,village
Kavarappatti,,Pudukkottai,,10.58770,78.48660,,village
Kavinad East,,Pudukkottai,,10.35266,78.81060,கவிநாடு கிழக்கு,village
Kavinad West,,Pudukkottai,,10.35832,78.79472,கவிநாடு மேற்கு,village
Kavinarippatti,,Pudukkottai,,10.42970,78.60874,,village
Kavundanpatti,,Pudukkottai,,10.63468,78.61683,,hamlet
Kavundartheru,,Pudukkottai,,10.49604,78.60136,,village
Kayampatti,,Pudukkottai,,10.39699,78.88377,காயாம் பட்டி,village
Kayampatty,,Pudukkottai,,10.50629,78.72039,,village
Kazhanivaasal,,Pudukkottai,,10.17874,78.91111,கழனிவாசல்,hamlet
Kedayapatty,,Pudukkottai,,10.45165,78.83203,கேடயபட்டி,village
Keela Chettiyapatti,,Pudukkottai,,10.42078,78.91723,கீழசெட்டியாபட்டி,village
Keela Pulavankadu,,Pudukkottai,,10.45667,78.99904,கீழபுலவன்காடு,village
Keelacheri,,Pudukkottai,,10.12964,79.04069,,village
Keelaembal,,Pudukkottai,,9.94806,79.14987,கீழஏம்பல்,hamlet
Keelakarupadipatti,,Pudukkottai,,10.52760,78.75178,,village
Keelakurichipatti,,Pudukkottai,,10.25096,78.48771,கீழகுறிச்சி பட்டி,village
Keelakuruchi,,Pudukkottai,,10.03236,79.20505,கீழக்குறிச்சி,hamlet
Keelamanjakudi,,Pudukkottai,,9.96652,79.17754,கீழமஞ்சக்குடி,village
Keelanilaikkottai,,Pudukkottai,,10.17541,78.85909,கீழாநிலைக்கோட்டை,hamlet
Keelapaluvanji,,Pudukkottai,,10.37170,78.76571,,village
Keelapappanur,,Pudukkottai,,10.02686,79.19263,கீழப்பாப்பனூர்;கீழபாப்பனூர்,village
Keelapatti,,Pudukkottai,,10.36806,78.73729,,village
Keelapatty,,Pudukkottai,,10.49754,78.68127,,village
Keelappanaiyur,,Pudukkottai,,10.23110,78.88737,கீழப்பனையூர்,village
Keelasavriyarpattinam,,Pudukkottai,,10.41518,79.10695,கீழசவரியார்பட்டிணம்,hamlet
Keelathanian,,Pudukkottai,,10.39901,78.60473,கீழத்தானியம்,village
Keelathemuthanpatti,,Pudukkottai,,10.33161,78.78666,கீழத்தேமுத்தன்பட்டி,hamlet
Keelathur,,Pudukkottai,,10.35351,79.03753,கீழாத்தூர்,village
Keelavegupatti,,Pudukkottai,,10.26577,78.56952,கீளவேகுபட்டி,village
Keelavetti,,Pudukkottai,,9.85666,79.07998,கீழவெட்டி,hamlet
Keelkarai,,Pudukkottai,,10.03087,79.12724,கீழ்கரை,hamlet
Keelkudi,,Pudukkottai,,10.07920,79.10774,கீழ்குடி,village
Keemanur,,Pudukkottai,,10.37854,78.66876,கீமனுர்,hamlet
Keeramangalam,,Pudukkottai,,10.28587,79.09959,கீரமங்கலம்,town
Keeranippatti,,Pudukkottai,,10.20588,78.91050,கீரணி ப்பட்டி,hamlet
Keerankudi,,Pudukkottai,,10.35976,78.67679,கீரன்குடி,hamlet
Keeranur,,Pudukkottai,,10.57339,78.78427,கீரனூர்,town
Keerathur,,Pudukkottai,,10.57954,79.13389,கீராத்தூர்,village
Keezhakkurichi,,Pudukkottai,,10.49503,78.72657,கீழக்குறிச்சி,village
Keezhappatti,,Pudukkottai,,10.55702,78.53365,,village
Kelakkudieruppu,,Pudukkottai,,9.85825,79.07516,கீழக்குடியிருப்பு,hamlet
Kendaiyanpatti,,Pudukkottai,,10.44410,79.04305,கெண்டையன்பட்டி,hamlet
Kesarapatti,,Pudukkottai,,10.30474,78.52549,கேசராப்பட்டி,hamlet
Kidarampatty,,Pudukkottai,,10.46336,78.92745,கிடாரம்பட்டி,village
Kidavangudi,,Pudukkottai,,10.62442,78.60502,,village
Kil Muttukkadu,,Pudukkottai,,10.48657,78.82040,,village
Kilakalam,,Pudukkottai,,10.53380,78.70245,,village
Kilankadu,,Pudukkottai,,10.57382,79.15259,கிளாங்காடு,village
Kilankaduaathicolony,,Pudukkottai,,10.56667,79.15394,கிளாங்காடுஆதிகாலனி,hamlet
Kilapatti,,Pudukkottai,,10.38748,78.77049,,village
Kilapatti Rasingamangalam,,Pudukkottai,,10.37841,79.02996,கே.ராசியமங்கலம்,village
Kilappatti,,Pudukkottai,,10.62678,78.75996,,village
Kilaravayal,,Pudukkottai,,9.96348,79.14308,கிளாரவயல்,village
Kilayur,,Pudukkottai,,10.27341,78.94080,,village
Kilikkudi,,Pudukkottai,,10.45101,78.60250,கிளிக்குடி,village
Kiliyur,,Pudukkottai,,10.46511,78.78974,,village
Killanur,,Pudukkottai,,10.55275,78.89578,கிள்ளனூர்,village
Killukottai,,Pudukkottai,,10.65428,78.91763,கிள்ளுக்கோட்டை,village
Killukulavoipatti,,Pudukkottai,,10.62320,78.91651,கிள்ளுக்குளவாய்பட்டி,village
Kilpatti,,Pudukkottai,,10.49602,79.02706,,village
Kitankivayal,,Pudukkottai,,10.10594,79.07012,கிடங்கிவயல்,village
Kittiyapatti,,Pudukkottai,,10.58458,78.46659,,village
Kkeelakudiyiruppu,,Pudukkottai,,10.01870,79.01502,,hamlet
Kodaalikudi,,Pudukkottai,,10.59947,78.49506,,village
Kodakudi,,Pudukkottai,,9.96486,79.16493,கோடகுடி,hamlet
Kodandaramapuram,,Pudukkottai,,10.36921,78.75030,கோதண்டராமபுரம்,village
Kodikkalpatti,,Pudukkottai,,10.57297,78.55179,,village
Kodikulam,,Pudukkottai,,9.99329,79.20069,கொடிக்குளம்,village
Kodivayal,,Pudukkottai,,10.18075,79.15252,,village
Kodumbalur,,Pudukkottai,,10.54146,78.51376,கொடும்பாளூர்,village
Kodumbalur Chattram,,Pudukkottai,,10.54989,78.50377,,village
Kodungurampatti,,Pudukkottai,,10.22020,78.47633,கருதக்கோடன்பட்டி,hamlet
Koillpatti,,Pudukkottai,,10.54064,78.78185,,village
Kokkumuttai,,Pudukkottai,,10.12907,79.14127,கொக்குமுட்டை,village
Kolathur,,Pudukkottai,,10.55779,78.78140,குளத்தூர்,village
Kolavaippatti,,Pudukkottai,,10.59339,78.57342,,village
Kolendiram,,Pudukkottai,,10.01395,79.09834,கோலேந்திரம்,village
Kolikkaranchattram,,Pudukkottai,,10.61054,78.76013,,village
Kollakkattupatti,,Pudukkottai,,10.23829,78.70736,கொல்லக்காட்டுபட்டி,hamlet
Kollakkattuppatti,,Pudukkottai,,10.26414,78.72290,கொல்லக்காட்டுப்பட்டி,hamlet
Kollakkudi,,Pudukkottai,,10.29199,78.83742,கொல்லக்குடி,hamlet
Kollampatti,,Pudukkottai,,10.38306,78.72271,,village
Kollampunchai,,Pudukkottai,,10.37873,78.65423,கொல்லம்புன்சை,hamlet
Kollumettupatti,,Pudukkottai,,10.62963,78.48268,,village
Kollupatti,,Pudukkottai,,10.26600,78.47476,கொள்ளுபட்டி,hamlet
Kollutthidal,,Pudukkottai,,10.08815,79.21064,கொள்ளுதிடல்,village
Komangalam,,Pudukkottai,,10.70184,78.55997,கோமங்களம்,village
Komapuram,,Pudukkottai,,10.63421,78.99687,கோமாபுரம்,village
Kombiyanviduthi,,Pudukkottai,,10.44963,78.91477,கொம்பியான்விடுதி,village
Konakollaipatti,,Pudukkottai,,10.53771,79.11212,கோனக்கொல்லைபட்டி,hamlet
Konapet,,Pudukkottai,,10.17822,78.72513,கோனாபட்டு,village
Kondaiyantheru,,Pudukkottai,,10.43860,79.07328,கொண்டையன்தெரு,hamlet
Kongalappatti,,Pudukkottai,,10.53629,78.87214,,village
Kongarakkottai,,Pudukkottai,,10.45561,79.08126,கொங்கராக்கோட்டை,hamlet
Kongudi,,Pudukkottai,,10.20179,78.94157,கொங்குடி,village
Kongudippatti,,Pudukkottai,,10.56798,78.63754,கோங்குடிபட்டி,village
Konguthiraiyanpatti,,Pudukkottai,,10.61286,78.86435,,village
Konjampatti,,Pudukkottai,,10.48179,78.81298,,village
Konnaipatti,,Pudukkottai,,10.31260,78.58488,கொன்னைப்பட்டி,village
Konnaiyampati,,Pudukkottai,,10.38145,78.57227,கொன்னயம்பட்டி,village
Konnaiyur,,Pudukkottai,,10.30690,78.56834,கொன்னையூர்,village
Kooduthaalaipatti,,Pudukkottai,,10.39033,78.63818,கூடுதலைபட்டி,hamlet
Koohanur,,Pudukkottai,,10.16157,79.12431,,village
Kookoor,,Pudukkottai,,10.57384,78.88875,,village
Koolaiyanviduthy ad colony,,Pudukkottai,,10.44862,78.90776,கூழையான்விடுதி ஆதி காலனி,village
Koolayanviduthy,,Pudukkottai,,10.45070,78.90975,கூழையான்விடுதி,village
Koomballam,,Pudukkottai,,10.11923,79.16063,கூம்பள்ளம்,village
Koothampatti,,Pudukkottai,,10.31500,78.82579,கூத்தம்பட்டி,hamlet
Koothanur,,Pudukkottai,,10.10712,79.14617,கூத்தனூர்,village
Koothinipatti,,Pudukkottai,,10.47376,78.72906,,village
Koppampatti,,Pudukkottai,,10.61792,78.92913,கொப்பம்பட்டி,village
Koppanapatti,,Pudukkottai,,10.31504,78.57666,கொப்பனாப்பட்டி,village
Kopparampatti,,Pudukkottai,,10.32235,78.69091,கொப்பராம்பட்டி,village
Korampatti,,Pudukkottai,,10.62197,79.01586,,village
Kosakottaiyur,,Pudukkottai,,10.25257,78.79927,,hamlet
Kosappatti,,Pudukkottai,,10.20688,78.76199,கொசப்பட்டி,hamlet
Kosavappatti,,Pudukkottai,,10.15387,78.91042,கொசவப்பட்டி,hamlet
Kothagam,,Pudukkottai,,10.55828,79.00646,,village
Kothagapatti,,Pudukkottai,,10.55102,79.09324,,village
Kothakottai,,Pudukkottai,,10.35824,78.93007,கொத்தகோட்டை,village
Kothamangalam,,Pudukkottai,,10.24753,78.93355,கொத்தமங்கலம்,village
Kothamangalam North,,Pudukkottai,,10.32539,79.03633,கொத்தமங்கலம் (வ),village
Kothamangalam South,,Pudukkottai,,10.30586,79.04243,கொத்தமங்கலம் (தெ),village
Kothamangalappatti,,Pudukkottai,,10.51743,78.78249,,village
Kothampatti,,Pudukkottai,,10.67478,78.93248,,village
Kothirapatti,,Pudukkottai,,10.53053,78.57857,கோத்திராப்பட்டி,village
Koththamuthuppatti,,Pudukkottai,,10.30569,78.76302,கொத்தமுத்துப்பட்டி,village
Kotrappatti,,Pudukkottai,,10.56195,78.81894,,village
Kottaikadu,,Pudukkottai,,10.40467,79.08302,கோட்டைக்காடு,hamlet
Kottaikkaaranpatti,,Pudukkottai,,10.60578,78.67887,,village
Kottaikkadu,,Pudukkottai,,10.35241,78.98483,,village
Kottaipattinam,,Pudukkottai,,9.97544,79.19550,கோட்டைப்பட்டிணம்,village
Kottaiyapatti,,Pudukkottai,,10.27688,78.71236,கொட்டையாபட்டி,hamlet
Kottaiyur,,Pudukkottai,,10.25758,78.79004,கோட்டையூர்;வி.கோட்டையூர்,village
Kottakattanpatti,,Pudukkottai,,10.55565,78.50093,,village
Kottapattinam,,Pudukkottai,,9.98407,79.20222,கோட்டைப்பட்டிணம்,hamlet
Kottappallam,,Pudukkottai,,10.56933,78.74438,,village
Kotthalangudi,,Pudukkottai,,10.04999,78.99786,கொத்தலாங்குடி,village
Kottukkaranpatti,,Pudukkottai,,10.62514,78.89059,,village
Kottur,,Pudukkottai,,10.32277,78.73597,கோட்டூர்,village
Kovanur,,Pudukkottai,,10.31520,78.63813,கோவனூர்,village
Kovil Nanguppatti,,Pudukkottai,,10.55728,78.68005,,village
Kovil Virakkudi,,Pudukkottai,,10.54731,78.86458,,village
Kovilaanvayal,,Pudukkottai,,10.08280,78.95252,கோவிலான்வயல்,hamlet
Kovilkattuppatti,,Pudukkottai,,10.64963,78.55509,,hamlet
Kovilpatti,,Pudukkottai,,10.59239,78.83778,,village
Kovilur,,Pudukkottai,,10.36284,78.94783,கோவிலூர்,village
Kovilur Devasthanam,,Pudukkottai,,10.36759,78.94490,,village
Kovilvayal,,Pudukkottai,,10.16255,79.04869,,village
Kovinikidangu,,Pudukkottai,,9.91344,79.02392,கோவினிக்கிடங்கு,village
Kovinjappatti,,Pudukkottai,,10.31281,78.80253,கோவிஞ்சப்பட்டி,hamlet
Kozhichanam,,Pudukkottai,,10.10917,79.20151,கோழிச்சனம்,hamlet
Krishnajipattinam,,Pudukkottai,,10.09975,79.22520,கிருஷ்ணாஜிபட்டிணம்,hamlet
Krishnampatti,,Pudukkottai,,10.49488,79.05532,கிருஷ்ணம்பட்டி,hamlet
Kualvoipatti,,Pudukkottai,,10.37639,78.57046,குழவாய்பட்டி,hamlet
Kudikadu North,,Pudukkottai,,10.09040,79.07014,குடிக்காடு வடக்கு,hamlet
Kudikattuvayal,,Pudukkottai,,10.63058,78.87068,,village
Kudikkatu,,Pudukkottai,,10.08719,79.06921,குடிக்காடு,village
Kuditteruvu,,Pudukkottai,,10.56251,78.59088,,hamlet
Kudumiyamalai,,Pudukkottai,,10.41536,78.66012,குடுமியான்மலை,village
Kuduvaiyur,,Pudukkottai,,10.04501,79.10326,குடுவையூர்,hamlet
Kulakkaarampatti,,Pudukkottai,,10.57009,78.57953,,village
Kulamangalam,,Pudukkottai,,10.33295,78.69249,குலமங்கலம்,village
Kulamangalam North,,Pudukkottai,,10.29415,79.05204,குலமங்கலம் (வ),village
Kulamangalam South,,Pudukkottai,,10.27907,79.04399,குலமங்கலம் (தெ),village
Kulanarippatti,,Pudukkottai,,10.57760,78.73841,,hamlet
Kulandirakottai,,Pudukkottai,,10.37642,78.94750,,village
Kulanthai Vinayagar Kottai,,Pudukkottai,,10.38753,78.94037,கே.வி.கோட்டை,village
Kulanthiranpattu,,Pudukkottai,,10.47448,79.15443,குளந்திரான்பட்டு,village
Kulanthiranpattu (H) east,,Pudukkottai,,10.47550,79.16386,குளந்திரான்பட்டு,hamlet
Kulappampatti,,Pudukkottai,,10.44717,79.07122,குளப்பம்பட்டி,hamlet
Kulathukkudieruppu,,Pudukkottai,,10.09002,79.02252,குளத்துக்குடியிருப்பு,hamlet
Kulathur Naickarpatti,,Pudukkottai,,10.61088,79.11817,குளத்தூர்,village
Kulatthuppatti,,Pudukkottai,,10.21602,78.74781,குளத்துப்பட்டி,hamlet
Kulattur,,Pudukkottai,,9.90652,79.07071,,village
Kulavaipatti,,Pudukkottai,,10.51579,78.69129,,village
Kulavaippatti,,Pudukkottai,,10.34214,78.82942,குளத்துபட்டி,village
Kulavaippatty,,Pudukkottai,,10.44399,78.66822,,village
Kulavayppatti,,Pudukkottai,,10.61216,78.46254,,village
Kulavoipatti,,Pudukkottai,,10.28988,78.91836,,village
Kulipirai,,Pudukkottai,,10.30759,78.65300,குழிபிறை,village
Kullampatti,,Pudukkottai,,10.68155,78.61248,,hamlet
Kumaramangalam,,Pudukkottai,,10.71461,78.70980,குமாரமங்கலம்,village
Kumarapatti,,Pudukkottai,,10.66333,78.61688,,village
Kumarapatti Pallakkudi,,Pudukkottai,,10.54503,78.66428,,village
Kumarappanvayal,,Pudukkottai,,9.93900,79.15632,குமரப்பன்வயல்,hamlet
Kumarappatti,,Pudukkottai,,10.63208,78.89263,,village
Kummakkadu,,Pudukkottai,,10.17965,79.02713,,village
Kummangudi,,Pudukkottai,,10.34329,78.71919,கும்மங்குடி,village
Kummupatty,,Pudukkottai,,10.43596,78.86675,கும்முபட்டி,village
Kumulur,,Pudukkottai,,9.98517,79.03530,குமுளூர்,village
Kumulur north,,Pudukkottai,,9.99024,79.04285,,hamlet
Kunapathimangalam,,Pudukkottai,,10.01642,79.20353,குணபதிமங்கலம்,hamlet
Kunathiranpatti,,Pudukkottai,,9.98019,79.06847,குணத்திரான்பட்டி,hamlet
Kunathiravayal,,Pudukkottai,,10.02350,79.04908,குணத்திராவயல்,hamlet
Kundagavayal,,Pudukkottai,,10.13509,79.02650,,village
Kunduppatti,,Pudukkottai,,10.41890,78.94914,குண்டுப்பட்டி,hamlet
Kunichipatti,,Pudukkottai,,10.46245,78.84238,,village
Kunnakudipatti,,Pudukkottai,,10.36111,78.73549,,village
Kunnandarkovil,,Pudukkottai,,10.58232,78.89660,குன்றாண்டார்கோவில்,village
Kunnathupatti,,Pudukkottai,,10.22581,78.71557,குன்னத்துப்பட்டி,village
Kunnathur,,Pudukkottai,,10.69481,78.62911,குன்னத்தூர்,village
Kunniyapatti,,Pudukkottai,,10.46007,78.63605,,village
Kunnur,,Pudukkottai,,10.12745,79.06694,குன்னூர்,village
Kupliyankollai,,Pudukkottai,,10.41602,79.03976,,hamlet
Kuppagudi,,Pudukkottai,,10.34177,78.95419,குப்பகுடி,village
Kuppathupatti,,Pudukkottai,,10.50317,78.68889,,village
Kuppayampatti,,Pudukkottai,,10.51530,78.96380,குப்பயம்பட்டி,village
Kurichchipatti,,Pudukkottai,,10.61374,78.55988,,village
Kurichchippatti,,Pudukkottai,,10.54605,78.59916,,hamlet
Kurichi,,Pudukkottai,,10.13170,78.94667,குறிச்சி,village
Kurichikkulam,,Pudukkottai,,10.07380,79.03974,குறிச்சிக்குளம்,hamlet
Kurichipatti,,Pudukkottai,,10.48705,78.61567,,village
Kurichippatti,,Pudukkottai,,10.30816,78.78596,குறிச்சிப்பட்டி,hamlet
Kurukalaiyapatti,,Pudukkottai,,10.40233,78.76745,,village
Kurukkappatti,,Pudukkottai,,10.35705,78.72777,,village
Kurukkaththaanpatti,,Pudukkottai,,10.61809,78.80407,,village
Kurumbapatti,,Pudukkottai,,10.26742,78.75953,குரும்பபட்டி,hamlet
Kurumbappatti,,Pudukkottai,,10.50036,78.62751,,village
Kurumbivayal,,Pudukkottai,,10.40184,79.13787,குறும்பிவயல்,village
Kurumbur,,Pudukkottai,,10.25219,78.95571,குரும்பூர்,village
Kurumpatti,,Pudukkottai,,10.54773,78.70717,,hamlet
Kurumpundi,,Pudukkottai,,10.69776,78.98764,குரும்பூண்டி,village
Kurungalur,,Pudukkottai,,10.08086,78.96252,குருங்கலூர்,village
Kurunthambari,,Pudukkottai,,10.19465,78.75687,குருந்தம்பாறை,hamlet
Kurunthangudi,,Pudukkottai,,10.24318,78.81978,குறுந்தங்குடி,hamlet
Kurunthankalappatti,,Pudukkottai,,10.54885,78.49428,,village
Kurunthankudi,,Pudukkottai,,9.98774,79.12901,குருந்தங்குடி,hamlet
Kuruppatti,,Pudukkottai,,10.48781,78.84921,கூறுபட்டி,village
Kuruvaandaantheru,,Pudukkottai,,10.52311,79.09699,,village
Kuruvikondanpatti,,Pudukkottai,,10.22987,78.65155,குருவிகொண்டான்பட்டி,village
Kuttakkaranpatti,,Pudukkottai,,10.33877,78.83148,,village
Kuttakudi,,Pudukkottai,,10.55608,78.56353,,village
Kuttakulavaipatty,,Pudukkottai,,10.51385,78.92582,குட்டகுளாவாய்ப்பட்டி,village
Kuttipulichieanthal,,Pudukkottai,,9.98899,79.00361,குட்டிபுளிச்சியேந்தல்,hamlet
Kuvattuppatti,,Pudukkottai,,10.48412,78.63428,,village
Lakshmanapatti,,Pudukkottai,,10.63556,78.77935,லக்ஷ்மணன்பட்டி,village
Lakshminarasimhapuram,,Pudukkottai,,10.33221,79.10987,எல்.என்.புரம்,village
Lakshmipuram,,Pudukkottai,,10.55342,78.57840,,village
Lakshmiyenthal,,Pudukkottai,,10.08081,79.06673,லெட்சுமியேந்தல்,hamlet
Lanjamettuppatti,,Pudukkottai,,10.51752,78.49244,,village
Lekkanapatti,,Pudukkottai,,10.56050,78.72654,லெக்கனாப்பட்டி,village
Lekkudippatti,,Pudukkottai,,10.69811,78.87168,,village
Lembalakudi,,Pudukkottai,,10.29928,78.74672,லெம்பலக்குடி,village
M.G.R. Nagar,,Pudukkottai,,10.09865,79.21744,,hamlet
M.Therkkutheru,,Pudukkottai,,10.43825,78.98576,எம்.தெற்குதெரு,village
Maamaraththupatti,,Pudukkottai,,10.58303,78.57311,,hamlet
Maamarathuppatti,,Pudukkottai,,10.30951,78.74562,மாமரத்துப்பட்டி,village
Maankkurichippatti,,Pudukkottai,,10.33487,78.71067,மாங்குறிச்சிப்பட்டி,village
Maankudi,,Pudukkottai,,10.57175,78.69228,,village
Maarayakkudi,,Pudukkottai,,9.97553,79.02397,மாராயக்குடி,hamlet
Maavadippatti,,Pudukkottai,,10.15372,78.87643,மாவடிப்பட்டி,hamlet
Maavuur,,Pudukkottai,,10.20686,78.73118,மாவூர்,hamlet
Madagam,,Pudukkottai,,10.05701,78.95709,மதகம்,village
Madarappatti,,Pudukkottai,,10.53380,78.52884,,village
Madaththuppatti,,Pudukkottai,,10.21085,78.89756,மடத்துப்பட்டி,hamlet
Madathupatti,,Pudukkottai,,10.40340,78.53272,மடத்துப்பட்டி,hamlet
Madayanaipatti,,Pudukkottai,,10.64067,78.64599,மதயானைப்பட்டி,village
Madiyanallur,,Pudukkottai,,10.43835,78.74474,மதியநல்லூர்,village
Madurpatti,,Pudukkottai,,10.60483,78.55861,,village
Mahadupatti,,Pudukkottai,,10.52543,78.67666,,village
Mailakonepatti,,Pudukkottai,,10.50591,79.11787,மைலன்கோன்பட்டி,village
Mailankonvidudi,,Pudukkottai,,10.50063,79.12226,,hamlet
Mainakkudi,,Pudukkottai,,10.03864,79.04987,மைனாக்குடி,hamlet
Maivayal,,Pudukkottai,,10.12989,79.11993,,village
Makalitheru,,Pudukkottai,,10.46444,79.13579,மாகாளிதெரு,hamlet
Makaliyenthal,,Pudukkottai,,10.09707,79.09109,மாகாளியேந்தல்,village
Makamaayepuram,,Pudukkottai,,10.24493,78.76809,மகமாயிபுரம்,hamlet
Malaikkudippatti,,Pudukkottai,,10.55224,78.57924,,village
Malaimutti,,Pudukkottai,,10.60365,78.66574,,village
Malaiyadippatti,,Pudukkottai,,10.65484,78.89408,,village
Malaiyapatti,,Pudukkottai,,10.67018,78.97745,,village
Malaiyur,,Pudukkottai,,10.43120,79.02449,மழையூர்,village
Malakudi,,Pudukkottai,,10.26256,78.91256,,village
Malampatti,,Pudukkottai,,10.32420,78.72709,மலம்பட்டி,village
Malampatty,,Pudukkottai,,10.50123,78.71859,,village
Malavarayampatti,,Pudukkottai,,10.48577,78.69026,,village
Malayadipatti,,Pudukkottai,,10.28192,78.61659,மலயடிபட்டி,hamlet
Malayakavundanpatti,,Pudukkottai,,10.53134,78.50198,,village
Malayakkovil,,Pudukkottai,,10.33432,78.71307,மலையக்கோவில்,village
Malayalingapuram,,Pudukkottai,,10.32157,78.71404,மலையலிங்கபுரம்,village
Malayerippatti,,Pudukkottai,,10.64732,78.66486,,village
Mallampatti,,Pudukkottai,,10.58975,78.72148,,village
Mallangudi,,Pudukkottai,,10.33936,78.73373,மல்லாங்குடி,village
Malliganatham,,Pudukkottai,,10.54726,79.06556,,village
Mallupatti,,Pudukkottai,,10.21121,78.77742,,hamlet
Malukkanpatti,,Pudukkottai,,10.33605,78.78779,மலுக்கன்பட்டி,hamlet
Mambalathuvayal,,Pudukkottai,,10.10165,79.14873,மாம்பலத்துவயல்,hamlet
Mambatti,,Pudukkottai,,10.45466,78.61649,,village
Manaikkudi,,Pudukkottai,,9.98525,79.17207,,hamlet
Manakadu,,Pudukkottai,,10.02799,79.21706,மனக்காடு,hamlet
Manakkollai,,Pudukkottai,,10.39517,79.02464,மணக்கொல்லை,hamlet
Manakudipatti,,Pudukkottai,,10.60980,78.78284,,village
Manaloor,,Pudukkottai,,10.04666,79.15313,மணலூர்,village
Manamadai,,Pudukkottai,,10.55367,79.16727,மணமடை,hamlet
Manamelkudi,,Pudukkottai,,10.04192,79.22999,மணமேல்குடி,town
Manamettuppatti,,Pudukkottai,,10.60902,78.53446,,village
Manapatti,,Pudukkottai,,10.29529,78.54002,மணபட்டி,hamlet
Manappatti,,Pudukkottai,,10.52372,79.06882,,village
Manavaalankarai,,Pudukkottai,,10.24719,78.76110,மணவாளன்கரை,hamlet
Manavanallur,,Pudukkottai,,10.12681,79.10937,,village
Manavathipatty,,Pudukkottai,,10.50516,78.91754,மனவாத்திப்பட்டி,village
Manavelampatti,,Pudukkottai,,10.42489,78.71829,,village
Manaviduthy,,Pudukkottai,,10.45447,78.92887,மணவிடுதி,village
Manchakarai,,Pudukkottai,,10.45735,79.01794,மஞ்சக்கரை,hamlet
Mandaiyur,,Pudukkottai,,10.65272,78.72131,மண்டையூர்,village
Mangadevanpatti,,Pudukkottai,,10.57079,78.82959,மங்கதேவன்பட்டி,village
Mangadu,,Pudukkottai,,10.32290,79.08740,மாங்காடு,village
Mangalam,,Pudukkottai,,9.97163,79.14371,மங்களம்,hamlet
Mangalanadu,,Pudukkottai,,10.20200,79.15027,மங்கலநாடு,village
Mangalathupatti,,Pudukkottai,,10.50258,78.89905,மங்களத்துப்பட்டி,village
Mangalipatti,,Pudukkottai,,10.35814,78.60001,மாங்காளிபட்டி,hamlet
Manganampatti,,Pudukkottai,,10.38888,78.89531,,village
Manganoor,,Pudukkottai,,10.60919,78.96518,மங்கனூர்,village
Manganur,,Pudukkottai,,10.39272,78.56340,மங்கனூர்,hamlet
Mangottai Keelapatti,,Pudukkottai,,10.41139,78.98716,மாங்கோட்டை கீழப்பட்டி,hamlet
Mangottai Melapatti,,Pudukkottai,,10.41368,78.98230,மாங்கோட்டை மேலப்பட்டி,village
Mangottai Puduppatti,,Pudukkottai,,10.41621,78.99357,மாங்கோட்டை புதுப்பட்டி,hamlet
Mangottai Therkupatti,,Pudukkottai,,10.40705,78.98482,மாங்கோட்டை தெற்குபட்டி,hamlet
Mangudi,,Pudukkottai,,10.21593,79.06422,,village
Maniambalam,,Pudukkottai,,10.31800,78.85660,மணியம்பலம்,village
Manikkampatti,,Pudukkottai,,10.43202,78.76968,,village
Manivilanvayal,,Pudukkottai,,10.17102,79.14446,,village
Manivilān,,Pudukkottai,,10.15903,78.93815,,hamlet
Maniyakkaratteruvu,,Pudukkottai,,10.51988,79.07933,,village
Manjakudi,,Pudukkottai,,9.97780,79.16630,மஞ்சக்குடி,village
Manjampatti,,Pudukkottai,,10.50857,79.06560,,village
Manjanviduthy,,Pudukkottai,,10.38171,78.91698,மாஞ்சான்விடுதி,village
Manjapettai,,Pudukkottai,,10.67136,79.03662,மஞ்சப்பேட்டை,village
Manjinipatti,,Pudukkottai,,10.14941,78.68747,மஞ்சினிப்பட்டி,village
Manjukkadu,,Pudukkottai,,10.40374,79.12796,மஞ்சுக்காடு,hamlet
Manjuviduthy,,Pudukkottai,,10.42267,79.11326,மஞ்சுவிடுதி,hamlet
Mankalapatti,,Pudukkottai,,10.58089,78.65520,,village
Mankankollaipatti,,Pudukkottai,,10.42712,79.06011,மங்கான்கொல்லைப்பட்டி,hamlet
Mannakudi,,Pudukkottai,,10.17230,79.10950,,village
Mantahngudi Melatheru,,Pudukkottai,,10.46757,78.91820,,village
Manthangudi,,Pudukkottai,,10.47223,78.91447,மாந்தான்குடி,village
Manthankudi,,Pudukkottai,,10.04236,79.21255,மாந்தாங்குடி,village
Manyavayal,,Pudukkottai,,10.46922,79.10730,மான்யவயல்,hamlet
Maramadakki,,Pudukkottai,,10.28819,79.00957,மறமடக்கி,village
Maratti,,Pudukkottai,,10.01876,78.98075,மாராட்டி,hamlet
Maravamadurai,,Pudukkottai,,10.37297,78.55155,மரவாமதுரை,village
Maravanpatti,,Pudukkottai,,10.41670,79.05882,மறவன்பட்டி,hamlet
Maravappatty,,Pudukkottai,,10.35292,78.80032,மறவப்பட்டி,village
Marayappatti,,Pudukkottai,,10.40425,78.73494,,village
Marthantapuram -I,,Pudukkottai,,9.99359,79.00021,மார்த்தாண்டபுரம்-I,hamlet
Marthantapuram -II,,Pudukkottai,,9.99514,78.99743,மார்த்தாண்டபுரம்-II,hamlet
Marudampatti,,Pudukkottai,,10.58097,78.68608,மருதம்பட்டி,village
Marudangudi,,Pudukkottai,,10.23939,79.00550,,village
Marulnaickanpatty,,Pudukkottai,,10.63126,78.51765,,hamlet
Marungur,,Pudukkottai,,10.26974,78.74393,மருங்கூர்,hamlet
Marunthanthalai,,Pudukkottai,,10.44048,78.75917,,village
Maruthakkutipatti,,Pudukkottai,,10.27979,78.69618,மருதக்குடிப்பட்டி,hamlet
Maruthakoneviduthi,,Pudukkottai,,10.52085,79.12178,மருதன்கோன்விடுதி,village
Maruthampatti,,Pudukkottai,,10.28452,78.81905,மருதம்பட்டி,hamlet
Maruthur,,Pudukkottai,,10.58270,78.82081,,village
Mathavanenthal,,Pudukkottai,,9.86481,79.05491,மாதவனேந்தல்,hamlet
Mathiyani,,Pudukkottai,,10.32260,78.60894,மதியாணி,village
Mathur ad colony,,Pudukkottai,,10.43569,78.93283,,village
Mattaiyampatti,,Pudukkottai,,10.47849,78.94840,மட்டையம்பட்டி,village
Mattangal,,Pudukkottai,,10.56473,79.04766,மட்டங்கால்,village
Mattur,,Pudukkottai,,10.21678,79.12637,,village
Matturanpatti,,Pudukkottai,,10.53710,78.61872,,hamlet
Mavadikkottai,,Pudukkottai,,10.04438,79.09107,மாவடிக்கோட்டை,hamlet
Mavayal,,Pudukkottai,,10.07375,79.06369,மாவயல்,hamlet
Mavilangavayal,,Pudukkottai,,10.11362,79.17654,மாவிளங்கனேந்தல்;மாவிலங்காவயல்,village
Maymanappatty,,Pudukkottai,,10.39161,78.66026,மேமனப்பட்டி,hamlet
Medukaattaampatti,,Pudukkottai,,10.55774,78.53919,,hamlet
Medukattanpatti,,Pudukkottai,,10.58769,78.56867,,village
Medukattupatti,,Pudukkottai,,10.50499,78.58986,,village
Meelasaveriyarpattinam,,Pudukkottai,,10.41706,79.10298,மேலசவரியார்பட்டிணம்,hamlet
Meelathur,,Pudukkottai,,10.36326,79.01599,மேலாத்தூர்,village
Meenampatti,,Pudukkottai,,10.48731,79.01889,மீனம்பட்டி,hamlet
Meenaveli,,Pudukkottai,,10.49498,78.51671,மீனவேலி,village
Meenikandha,,Pudukkottai,,10.19600,78.89025,மீனிக் கந்தா,hamlet
Mekkinipatti,,Pudukkottai,,10.30985,78.63451,மேக்கினிபட்டி,village
Mel Alambadi,,Pudukkottai,,10.70668,78.63379,,hamlet
Mel Kudiyiruppu,,Pudukkottai,,10.02221,79.00492,,hamlet
Mel Sengalakkudi,,Pudukkottai,,10.65458,78.67621,,village
Mela Chettiyapatty,,Pudukkottai,,10.41391,78.91155,மேலசெட்டியாபட்டி,village
Mela Manjakarai,,Pudukkottai,,10.45215,79.00743,மேலமஞ்சக்கரை,village
Mela PulavanKadu,,Pudukkottai,,10.46011,78.99132,மேலபுலவன்காடு,village
Mela seethapatty,,Pudukkottai,,10.49005,78.90971,மேல சீத்தப்பட்டி,village
Melakarambai,,Pudukkottai,,10.03174,78.98048,மேலகரம்பை,hamlet
Melakavanur,,Pudukkottai,,9.97501,79.13192,மேலக்காவனூர்,village
Melakkottai,,Pudukkottai,,10.34694,78.95014,,village
Melamelanilai,,Pudukkottai,,10.29710,78.60585,மேலமேல்நிலை,village
Melapachchakudi,,Pudukkottai,,10.65161,78.60204,மேலபச்சைகுடி,village
Melapaluvanji,,Pudukkottai,,10.37364,78.75318,,village
Melapappanur,,Pudukkottai,,10.02401,79.18447,மேலப்பாப்பனூர்,village
Melapatti,,Pudukkottai,,10.52201,78.61243,,village
Melapattu,,Pudukkottai,,10.16027,79.03290,,village
Melapattu Rasingamangalam,,Pudukkottai,,10.37162,78.99329,,village
Melappanaiyur,,Pudukkottai,,10.31288,78.67462,மேலப்பனையூர்,village
Melapponnanviduthi,,Pudukkottai,,10.41391,79.03127,மேலப்பொன்னன்விடுதி,village
Melappuduvayal,,Pudukkottai,,10.58399,78.76027,மேலப்புதுவயல்,village
Melasivapuri,,Pudukkottai,,10.25591,78.51367,மேலசிவபுரி,village
Melasthanam,,Pudukkottai,,10.07526,79.22476,மேலஸ்தானம்,village
Melasthanam Indiranagar,,Pudukkottai,,10.07934,79.22718,மேலஸ்தானம் இந்திராநகர்,hamlet
Melathaniyam,,Pudukkottai,,10.41313,78.58087,மேலத்தானியம்,village
Melathemuthanpatti,,Pudukkottai,,10.33554,78.77708,மேலதேமுத்தப்பட்டி,hamlet
Melavayal,,Pudukkottai,,10.28883,78.69224,மேலவயல்,village
Melaviduthy,,Pudukkottai,,10.42645,78.95775,மேலவிடுதி,village
Melkudipatti,,Pudukkottai,,10.44810,78.83165,,village
Melludaiyanpatti,,Pudukkottai,,10.48319,79.02820,மோளுடையான்பட்டி,hamlet
Melnilaippatti (Melanilaivayal),,Pudukkottai,,10.19199,78.85394,மேல்நிலைப்பட்டி (மேல்நிலைவயல்),village
Melur,,Pudukkottai,,10.46424,78.77154,மேலூர்,village
Memangalam,,Pudukkottai,,10.15110,79.08770,,village
Menampatti,,Pudukkottai,,10.27088,78.82532,மேனாம்பட்டி,hamlet
Meppudakkudi,,Pudukkottai,,10.62678,78.53645,மேப்பூதகுடி,village
Merku Sevalpatti,,Pudukkottai,,10.57310,78.46612,,village
Merpanaikadu,,Pudukkottai,,10.26070,79.11512,மேர்பனைக்காடு,village
Mettampatti,,Pudukkottai,,10.35507,78.50903,மேட்டாம்பட்டி,hamlet
Mettupatti,,Pudukkottai,,10.53822,78.63704,,village
Mettupatty,,Pudukkottai,,10.50288,78.92600,மேட்டுப்பட்டி,village
Mettuppatti,,Pudukkottai,,10.36409,78.84303,,village
Meyakadipatti,,Pudukkottai,,10.61590,79.01423,,village
Meyakovindanpatti,,Pudukkottai,,10.51834,78.59756,,village
Meykkoluppatti,,Pudukkottai,,10.34869,78.93194,,village
Meyyanoor,,Pudukkottai,,9.99920,78.98749,மெய்யனூர்,hamlet
Meyyappatti,,Pudukkottai,,10.27238,78.75253,மெய்யப்பட்டி,hamlet
Meyyapuram,,Pudukkottai,,10.19364,78.69296,மெய்யபுரம்,village
Mimisal,,Pudukkottai,,9.92218,79.14040,மீமிசல்,hamlet
Mimisal Chatrapattinam,,Pudukkottai,,9.92193,79.14280,மீமிசல் சத்திரம்பட்டிணம்,village
Minnamozhi,,Pudukkottai,,10.05500,79.12034,மின்னாமொழி,village
Minnamozhi west,,Pudukkottai,,10.05663,79.11654,,hamlet
Minnampunchai,,Pudukkottai,,10.40421,79.05071,மின்னம்புஞ்சை,hamlet
Minnathur,,Pudukkottai,,10.59225,78.95757,மின்னாத்தூர்,village
Mirattunilai,,Pudukkottai,,10.28937,78.85973,மிரட்டுநிலை,village
Mithilaipatti,,Pudukkottai,,10.25418,78.65155,மிதிலைபட்டி,hamlet
Modamkottai,,Pudukkottai,,10.10070,78.98640,,village
Mohanoor,,Pudukkottai,,10.56435,79.07564,,village
Moolangudi,,Pudukkottai,,10.30073,78.57860,மூலங்குடி,village
Moolavayal,,Pudukkottai,,10.01640,79.21245,மூலவயல்,hamlet
Moonkithtaappatti,,Pudukkottai,,10.22958,78.72013,மூங்கித்தாப்பட்டி,hamlet
Mooriyur,,Pudukkottai,,10.00325,79.01736,மூரியூர்,hamlet
Moovanur,,Pudukkottai,,9.99873,79.12943,மூவனூர்,hamlet
Mosakudi,,Pudukkottai,,10.55728,78.82058,,village
Mottaiyāndi,,Pudukkottai,,10.15483,78.94660,,hamlet
Mottudaiyanpatti,,Pudukkottai,,10.62636,78.88437,,hamlet
Mudhalippatti,,Pudukkottai,,10.58418,79.17164,முதலிப்பட்டி,village
Mudukkuppatti,,Pudukkottai,,10.22968,78.80693,முடுக்குப்பட்டி,hamlet
Mudukkuvayal,,Pudukkottai,,10.05558,78.97204,முடுக்குவயல்,hamlet
Mudukulam,,Pudukkottai,,10.62071,79.08006,முதுகுளம்,village
Muduvalarkudi,,Pudukkottai,,10.10615,79.09452,முதுவளர்குடி,village
Mukkanamalaippatti,,Pudukkottai,,10.45523,78.67902,,village
Mukkanipatti,,Pudukkottai,,10.43795,78.88156,முக்கானிபட்டி,village
Mukkanpatti,,Pudukkottai,,10.42501,78.94149,மூக்கம்பட்டி,village
Mukkapudaiyanpallam,,Pudukkottai,,10.62518,79.08869,,village
Mukkottuppatti,,Pudukkottai,,10.37329,79.11598,முக்கூட்டுப்பட்டி,hamlet
Mukkudi,,Pudukkottai,,10.19862,78.98440,முக்குடி,village
Mullaiyur,,Pudukkottai,,10.60571,78.59396,,village
Mullankuruchi,,Pudukkottai,,10.41396,79.07468,முள்ளங்குறிச்சி,village
Mullipatti,,Pudukkottai,,10.39610,78.57465,முள்ளிப்பட்டி,village
Mullippatti,,Pudukkottai,,10.24831,78.69923,முள்ளிப்பட்டி,hamlet
Mullur,,Pudukkottai,,10.42048,78.85882,முள்ளூர்,village
Mumpalai,,Pudukkottai,,10.07062,79.22872,மும்பாலை,village
Mumpalai pattinam,,Pudukkottai,,10.06990,79.23566,மும்பாலைபட்டிணம்,hamlet
Munasanthai,,Pudukkottai,,10.30039,78.81473,முனசந்தை,village
Munnattanvayal,,Pudukkottai,,10.11941,79.14630,,village
Murandanpatti,,Pudukkottai,,10.38652,78.59841,முரண்டான்பட்டி,hamlet
Murugakkonpatty,,Pudukkottai,,10.56296,78.62778,,village
Murungakkollai,,Pudukkottai,,10.42599,79.00730,முருங்கக்கொல்லை,hamlet
Muthalipatti,,Pudukkottai,,10.39864,78.70001,,village
Muthanendal,,Pudukkottai,,9.95289,79.16189,முத்தனேந்தல்,hamlet
Muthanviduthy,,Pudukkottai,,10.53811,79.12508,முத்தன்விடுதி,hamlet
Muththakavundanpatti,,Pudukkottai,,10.62528,78.47908,,village
Muthukkadu,,Pudukkottai,,10.48889,78.80723,முத்துக்காடு,village
Muthupattinam,,Pudukkottai,,10.29043,78.91072,,village
Muthuppattinam,,Pudukkottai,,10.17923,78.84941,முத்துப்பட்டினம்,hamlet
Muthur,,Pudukkottai,,10.16705,78.86658,முத்தூர்,hamlet
Muttampatti,,Pudukkottai,,10.49825,78.86163,மூட்டாம்பட்டி,village
Muttanakurichchi,,Pudukkottai,,10.34210,78.85870,,village
Mutthandavayal,,Pudukkottai,,10.00805,79.11165,முத்தண்டவயல்,hamlet
Mutthanipatti,,Pudukkottai,,10.56956,79.16167,முத்தானப்பட்டி,hamlet
Mutthukuda,,Pudukkottai,,9.86962,79.11291,முத்துக்குடா,village
Muttudaiyanpatti,,Pudukkottai,,10.44645,78.79498,,village
Muttuthanpatti,,Pudukkottai,,10.26292,78.69196,முட்டுதான்பட்டி,hamlet
Mylapatti,,Pudukkottai,,10.38538,78.75253,,village
Mylapore,,Pudukkottai,,10.28916,78.52182,மைலாப்பூர்,village
Naatiyathanpatti,,Pudukkottai,,10.25427,78.70466,நாட்டியத்தான்பட்டி,hamlet
Naattampatti,,Pudukkottai,,10.18776,78.90587,நாட்டாம்பட்டி,hamlet
Nachandupatti,,Pudukkottai,,10.32286,78.72120,நச்சாந்துபட்டி,village
Nachikuruchi,,Pudukkottai,,10.60375,78.62124,,village
Nadupatti,,Pudukkottai,,10.59865,79.11354,நடுப்பட்டி,village
Nagambalpuram,,Pudukkottai,,10.05030,79.15508,நாகம்பாள்புரம்,hamlet
Nagaram,,Pudukkottai,,10.29974,79.08837,நகரம்,village
Nagarappatti,,Pudukkottai,,10.36427,78.52105,நகரபட்டி,village
Nagarathuppatti,,Pudukkottai,,10.31011,78.76223,நகரத்துப்பட்டி,village
Nagaratnampallam,,Pudukkottai,,10.24235,78.92741,,village
Nainankollai,,Pudukkottai,,10.42236,79.04178,நைனான்கொல்லை,hamlet
Nainarippatti,,Pudukkottai,,10.63621,78.95386,,village
Nakkudi,,Pudukkottai,,10.15204,79.10652,,village
Nallamalchathiram,,Pudukkottai,,10.45219,78.71346,,village
Nallankalaidippatti,,Pudukkottai,,10.31435,78.75328,,village
Nallappudaiyanpatti,,Pudukkottai,,10.56927,78.94275,,village
Nallathankalpatti,,Pudukkottai,,10.61206,78.83841,,village
Nallikkudi,,Pudukkottai,,10.03679,78.98454,நல்லிக்குடி,hamlet
Nallippatti Ottavidu,,Pudukkottai,,10.27603,78.82480,,hamlet
Nallivayal,,Pudukkottai,,10.04209,79.20186,நல்லிவயல்,hamlet
Nalluppatti,,Pudukkottai,,10.27662,78.73275,,village
Nallur,,Pudukkottai,,10.63132,78.75028,,village
Namanasamuthram,,Pudukkottai,,10.30840,78.77897,நமணசமுத்திரம்,hamlet
Namanasamuthram kudiyiruppu,,Pudukkottai,,10.32934,78.77718,நமணசமுத்திரம் குடியிருப்பு,hamlet
Namarangur,,Pudukkottai,,10.11702,79.19876,நமரங்கூர்,hamlet
Nambampatti,,Pudukkottai,,10.32603,78.81482,நம்பம்பட்டி,hamlet
Nambanpatti,,Pudukkottai,,10.60886,78.48674,நம்பம்பட்டி,village
Nambukuli,,Pudukkottai,,10.30445,78.89806,,village
Namburampatti,,Pudukkottai,,10.57262,79.09362,நம்புரான்பட்டி,village
Nammakkottai,,Pudukkottai,,10.36702,78.97024,,village
Nampooranippatti,,Pudukkottai,,10.16339,78.87021,நம்பூரனிப்பட்டி,hamlet
Nanakkonpatti,,Pudukkottai,,10.56716,78.51594,,village
Nandampatti,,Pudukkottai,,10.68174,78.90078,,hamlet
Nanguppatti,,Pudukkottai,,10.56201,78.69406,நாங்குபட்டி,village
Nanjur,,Pudukkottai,,10.57890,78.80781,நாஞ்சூர்,village
Nappugai,,Pudukkottai,,10.52811,79.05380,நெப்புகை,village
Narachampatti,,Pudukkottai,,10.57927,78.53165,,village
Narangiyampatti,,Pudukkottai,,10.57270,78.97003,,village
Narangiyapattu,,Pudukkottai,,10.45496,79.14846,நரங்கியப்பட்டு,hamlet
Narangiyappattu,,Pudukkottai,,10.45084,79.15098,நரங்கியப்பட்டு,hamlet
Narankiyampatti,,Pudukkottai,,10.19847,78.50202,நரங்கியம்பட்டி,hamlet
Narasingapuram,,Pudukkottai,,10.00099,79.05480,,village
Narigepatti,,Pudukkottai,,10.35921,78.72090,,village
Narikkudi,,Pudukkottai,,10.03461,79.03629,நரிக்குடி,hamlet
Nariyanendal,,Pudukkottai,,9.94066,79.12229,,village
Nariyankollai,,Pudukkottai,,10.41207,78.95532,நரியன்கொல்லை,hamlet
Nariyappati,,Pudukkottai,,10.59920,78.70322,,village
Narpavalakkudi,,Pudukkottai,,10.22549,78.96101,நர்ப்பவலகுடி,village
Narthamalai,,Pudukkottai,,10.50925,78.76381,நார்த்தாமலை,village
Natarajapuram,,Pudukkottai,,10.54371,78.72642,,hamlet
Natchiyarpatti,,Pudukkottai,,10.63563,78.88119,,village
Nathampannai,,Pudukkottai,,10.40877,78.79184,9ஏ நத்தம்பண்ணை,village
Nathanvayal,,Pudukkottai,,10.04448,79.14742,நாதன்வயல்,hamlet
Nathupatti,,Pudukkottai,,10.31804,78.56161,நாத்துபட்டி,village
Nattaikkattuppatti,,Pudukkottai,,10.57916,78.55766,,village
Nattakkattuppatti,,Pudukkottai,,10.63530,78.73129,,village
Nattani,,Pudukkottai,,10.69421,79.01316,,village
Nattanipurasakudi,,Pudukkottai,,9.92819,79.10809,,village
Navakkudi,,Pudukkottai,,10.10013,79.06536,நவக்குடி,hamlet
Navalpatti,,Pudukkottai,,10.50516,78.63501,,village
Navappatti,,Pudukkottai,,10.60611,78.85231,,hamlet
Neducheri,,Pudukkottai,,10.48832,78.78407,,village
Nedungudi,,Pudukkottai,,10.18495,78.82395,நெடுங்குடி,village
Neduvasal East,,Pudukkottai,,10.35338,79.13379,நெடுவாசல் கிழக்கு,village
Neduvasal West,,Pudukkottai,,10.35613,79.12263,நெடுவாசல் மேற்கு,village
Neerpalani,,Pudukkottai,,10.61902,78.71026,நீர்பழனி,village
Neervilankulam,,Pudukkottai,,10.11221,79.14703,நீர்விலங்குலம்,village
Neikonam,,Pudukkottai,,10.28229,78.70556,நெய்கோணம்,village
Neinapatti,,Pudukkottai,,10.18474,78.74395,நயினாப்பட்டி,hamlet
Neivasal,,Pudukkottai,,10.16474,78.67863,நெய்வாசல்,village
Neivasalpatti,,Pudukkottai,,10.31589,78.84017,நெயவாசல்பட்டி,hamlet
Neiveli,,Pudukkottai,,10.34684,78.65477,நெய்வேலி,village
Neivelinathapuram,,Pudukkottai,,10.25403,79.10105,,village
Nelveli,,Pudukkottai,,10.02778,79.17873,நெல்வேலி,village
Nemam,,Pudukkottai,,10.14639,78.68833,,hamlet
Nemmeli,,Pudukkottai,,10.13167,78.95290,நெம்மேலி,hamlet
Nemmelipatti,,Pudukkottai,,10.48533,78.96207,நெம்மேலிப்பட்டி,village
Nemmelivayal,,Pudukkottai,,10.09444,79.21104,நெம்மேலிவயல்,village
Nemmilikkadu,,Pudukkottai,,10.13520,79.17857,,village
Nepiyampatty,,Pudukkottai,,10.42049,78.88759,நெப்பியம்பட்டி,village
Nerinjikudi,,Pudukkottai,,10.37482,78.63490,நெருஞ்சிக்குடி,village
Nerinjipatti,,Pudukkottai,,10.47317,78.97865,நெருஞ்சிப்பட்டி,village
Nerkuppai,,Pudukkottai,,10.24401,78.52477,,village
Nettiyenthal,,Pudukkottai,,10.10459,79.04448,நெட்டியேந்தல்,hamlet
Nevaipatty,,Pudukkottai,,10.47628,78.59390,,village
Neyakonampudur,,Pudukkottai,,10.28699,78.71837,,hamlet
Neyvattali,,Pudukkottai,,10.25623,79.09641,நெவதலி,village
Neyveli,,Pudukkottai,,10.59991,78.91698,,village
Nilaiyur,,Pudukkottai,,10.09068,79.15341,நிலையூர்,village
Nilayapatti,,Pudukkottai,,10.38729,78.68287,,village
Nimbampatti,,Pudukkottai,,10.52370,78.52931,,village
Ninniyur,,Pudukkottai,,9.97494,79.05429,நின்னியூர்,hamlet
Niramangalam,,Pudukkottai,,9.96112,79.03607,நிறமங்கலம்,hamlet
Nochiyenthal,,Pudukkottai,,10.05752,79.12652,நொச்சிஏந்தல்,hamlet
Nodiyur,,Pudukkottai,,10.64289,78.95737,நொடியூர்,village
North Rayapatty,,Pudukkottai,,10.40425,78.90044,வடக்குராயப்பட்டி,village
Nāvalangan,,Pudukkottai,,10.13234,78.96572,,hamlet
Ochakudi,,Pudukkottai,,10.12806,79.22551,ஒச்சகுடி,hamlet
Odappaviduthi,,Pudukkottai,,10.54480,79.17553,ஒடப்பவிடுதி,village
Odugampatti,,Pudukkottai,,10.58612,78.85574,ஒடுகம்பட்டி,village
Odukapatti,,Pudukkottai,,10.55985,78.74303,,village
Odukkur,,Pudukkottai,,10.55496,78.74882,ஒடுக்கூர்,village
Oiyaanenthal,,Pudukkottai,,9.90263,79.10552,,hamlet
Okkukkudi,,Pudukkottai,,10.01483,79.02075,ஒக்குக்குடி,hamlet
Okkur,,Pudukkottai,,10.02345,79.01065,ஓக்கூர்,village
Olamampatti,,Pudukkottai,,10.53355,78.62649,,village
Oliamangalam,,Pudukkottai,,10.41875,78.53859,ஒலியமங்கலம்,village
Ollanoor,,Pudukkottai,,10.07407,79.18873,ஒல்லனூர்,village
Ollanoor west,,Pudukkottai,,10.07345,79.17929,,hamlet
Omakkavayal,,Pudukkottai,,10.13067,79.18508,,village
Onangudi,,Pudukkottai,,10.28349,78.87143,ஒனாங்குடி,village
Oocchampatti,,Pudukkottai,,10.26992,78.68948,ஓச்சம்பட்டி,hamlet
Oodaiyappatti,,Pudukkottai,,10.26864,78.71472,ஓடையப்பட்டி,hamlet
Oolakkudippatti,,Pudukkottai,,10.23526,78.75693,ஓலக்குடிப்பட்டி,hamlet
Oorandakkudi,,Pudukkottai,,10.64647,78.69241,,village
Oorapatthi,,Pudukkottai,,10.50440,78.74740,,village
Oorathipatti,,Pudukkottai,,10.68340,78.85454,,village
Oosuvanpatti,,Pudukkottai,,10.26277,78.74191,ஒசுவான்பட்டி,hamlet
Orathikkadu,,Pudukkottai,,10.19469,78.88518,ஒருத்திக்காடு,hamlet
Osuvamppatti,,Pudukkottai,,10.52174,79.01123,ஒசுவம்ப்பட்டி,village
Ottankarai,,Pudukkottai,,10.01817,79.21398,ஒட்டங்கரை,hamlet
Oyyanpudur,,Pudukkottai,,10.24364,78.51000,ஓய்யன்புதூர்,hamlet
P. Usilampatti,,Pudukkottai,,10.27504,78.57160,பி.உசிலம்பட்டி,village
Paappampatti,,Pudukkottai,,10.17894,78.91622,பாப்பம்பட்டி,village
Paappanpatti,,Pudukkottai,,10.30054,78.83656,பாப்பான்பட்டி,hamlet
Paappapatti,,Pudukkottai,,10.61769,78.47335,,village
Paatnapatti,,Pudukkottai,,10.59329,78.46118,,village
Pachikkottai,,Pudukkottai,,10.38230,78.98939,பாச்சிக்கோட்டை,village
Padaracheri,,Pudukkottai,,10.26649,78.94522,,village
Padipatti,,Pudukkottai,,10.55279,78.71571,,village
Paduthinipatti,,Pudukkottai,,10.39859,78.55283,படுதிணிபட்டி,hamlet
Pahattuvanpatti,,Pudukkottai,,10.58671,79.09521,,village
Paippatti,,Pudukkottai,,10.50534,78.74434,,hamlet
Paiyur,,Pudukkottai,,10.56209,78.67291,,village
Pakkam,,Pudukkottai,,9.98436,79.14604,பாக்கம்,hamlet
Pakkudi,,Pudukkottai,,10.57507,78.65979,பாக்குடி,village
Palaiyavettivayal,,Pudukkottai,,9.96786,79.12235,பழையவெட்டிவயல்,village
Palaiyur,,Pudukkottai,,10.27663,78.89956,பாலையூர்,village
Palakkudi,,Pudukkottai,,9.94231,79.16369,,village
Palampatti,,Pudukkottai,,10.29524,78.83974,ப்பாலம்பட்டி;குருந்தடிபாலம்பட்டி,hamlet
Palandampatti,,Pudukkottai,,10.60506,78.78317,பாலாண்டம்பட்டி,village
Palangulam,,Pudukkottai,,9.90663,79.10671,பழங்குளம்,village
Palanpatti,,Pudukkottai,,10.38082,78.65164,பாலன்பட்டி,hamlet
Palavarasan,,Pudukkottai,,10.09796,79.08421,பலவரசன்,village
Palayagandarvakottai,,Pudukkottai,,10.59970,79.02097,பழைய கந்தர்வகோட்டை,village
Pallakkudi,,Pudukkottai,,10.48522,78.63574,,village
Pallakudi,,Pudukkottai,,10.60572,78.62289,,village
Pallarkudipichanendal,,Pudukkottai,,10.11666,79.20776,பிச்சனேந்தல்,hamlet
Pallarnattam,,Pudukkottai,,10.58799,78.54577,,hamlet
Pallathivayal,,Pudukkottai,,10.14911,79.01758,,village
Pallathividuthy,,Pudukkottai,,10.33478,78.99110,பள்ளதிவிடுதி,village
Pallathupatti,,Pudukkottai,,10.59287,78.78042,,village
Pallatteru,,Pudukkottai,,10.58539,78.57604,,hamlet
Pallavaranpatti,,Pudukkottai,,10.57987,79.09665,,village
Pallavarayanpathai,,Pudukkottai,,10.44707,79.08821,பல்லவராயன்பத்தை,village
Pallikkoodaththaanpatti,,Pudukkottai,,10.63381,78.50487,,village
Pallivasal,,Pudukkottai,,10.19151,78.69510,கே.பள்ளிவாசல்,village
Pallivayal,,Pudukkottai,,10.00921,79.03003,பள்ளிவயல்,village
Palnippatti,,Pudukkottai,,10.53560,78.67876,,village
Paluvinippatti,,Pudukkottai,,10.33295,78.67649,பழுவினிப்பட்டி,village
Pambaarampatti,,Pudukkottai,,10.13926,78.92529,பாம்பாரம்பட்டி,hamlet
Panaiyadipatti,,Pudukkottai,,10.16269,78.92906,,hamlet
Panaiyapatti,,Pudukkottai,,10.32186,78.68005,பனையப்பட்டி,village
Panaiyavayal,,Pudukkottai,,10.09168,79.04715,பனையவயல்,hamlet
Panampatti,,Pudukkottai,,10.44293,78.75463,பணம்பட்டி,village
Panangudi,,Pudukkottai,,10.43535,78.71966,,village
Panavayal,,Pudukkottai,,10.06907,79.17656,பானாவயல்,village
Pandani,,Pudukkottai,,10.22269,78.67198,பாண்டனி,hamlet
Pandipathiram,,Pudukkottai,,10.07059,79.06363,பாண்டிபத்திரம்,village
Pandukaranpatti,,Pudukkottai,,10.47091,78.63606,,village
Pangayattankudi,,Pudukkottai,,10.11612,79.14916,,village
Pangunivayal,,Pudukkottai,,10.59801,78.78576,,village
Panirendampatty,,Pudukkottai,,10.52528,78.92947,பனிரெண்டாம்ப்பட்டி,village
Panjatti,,Pudukkottai,,10.13251,78.99123,,village
Pannankulam,,Pudukkottai,,10.27692,79.06551,பனங்குளம்,village
Panneerpatti,,Pudukkottai,,10.57528,78.62662,,village
Panniyur,,Pudukkottai,,10.07515,79.01511,பன்னியூர்,hamlet
Pappakudi,,Pudukkottai,,9.97880,79.03849,பாப்பாகுடி,hamlet
Pappakudi east A.D,,Pudukkottai,,9.98134,79.04599,,hamlet
Pappangudi,,Pudukkottai,,10.58030,78.62550,,hamlet
Pappangulam,,Pudukkottai,,10.57652,78.61467,,village
Pappanpatti,,Pudukkottai,,10.28473,78.74146,பாப்பான்பட்டி,village
Pappapatti,,Pudukkottai,,10.56940,79.13922,பாப்பாபட்டி,village
Pappudaiyanpatti,,Pudukkottai,,10.58357,78.95298,,village
Paraipatti,,Pudukkottai,,10.58813,78.55515,,village
Paraiyampatti,,Pudukkottai,,10.27451,78.74069,பறையம்பட்டி,village
Paraiyankaadu,,Pudukkottai,,10.03435,78.96802,பறையன்காடு,hamlet
Paraiyanvayal,,Pudukkottai,,10.10226,78.99236,,village
Paraiyattur,,Pudukkottai,,9.88080,79.04414,பறையத்தூர்,village
Parali,,Pudukkottai,,10.20939,78.71957,பரளி,hamlet
Paralipattanam,,Pudukkottai,,10.22204,78.73166,பட்டணம்,hamlet
Paranikkudippatti,,Pudukkottai,,10.33447,78.72386,பரணிக்குடிப்பட்டி,village
Paranur,,Pudukkottai,,10.02912,79.16785,பரனூர்,hamlet
Parapatti,,Pudukkottai,,10.49102,78.80017,,village
Parappatti,,Pudukkottai,,10.67619,78.55416,,hamlet
Paravakkottai,,Pudukkottai,,10.28106,78.99462,,village
Parayanattam,,Pudukkottai,,10.56577,78.54668,,village
Parimanakudi,,Pudukkottai,,10.03752,79.16146,பரிமனங்குடி,hamlet
Parittini,,Pudukkottai,,10.13605,78.97482,,hamlet
Parukkaividuthy,,Pudukkottai,,10.59236,79.10292,,village
Pasumalaipatti,,Pudukkottai,,10.51418,78.78201,,village
Pasumekkipatti,,Pudukkottai,,10.58083,78.48465,,village
Pathampatti,,Pudukkottai,,10.33451,78.97501,பாத்தம்பட்டி,village
Pathuthakku,,Pudukkottai,,10.56235,79.18685,பத்துத்தாக்கு,hamlet
Pattamangalam,,Pudukkottai,,9.96839,79.06530,பட்டமங்கலம்,hamlet
Pattampatti Pallakkudi,,Pudukkottai,,10.50297,78.62623,,village
Pattamudaiyan,,Pudukkottai,,10.08457,79.12699,பட்டமுடையான்,village
Pattankadu,,Pudukkottai,,10.06111,79.22690,பட்டங்காடு,hamlet
Pattarasakottai,,Pudukkottai,,10.11722,78.94698,,hamlet
Pattathikkadu,,Pudukkottai,,10.40912,79.11127,பட்டத்திகாடு,village
Pattathurani,,Pudukkottai,,10.23941,79.11753,,hamlet
Payamariyanendal,,Pudukkottai,,10.02039,79.15793,பயமரியாநேந்தல்,hamlet
Pazhanthinapatti,,Pudukkottai,,10.20014,78.68168,பழந்தினாபட்டி,hamlet
Peraiyur,,Pudukkottai,,10.35254,78.75725,பேரையூர்,village
Perambur,,Pudukkottai,,10.61712,78.64928,பேராம்பூர்,village
Perandaiyappatti,,Pudukkottai,,10.52495,78.84296,,village
Peranur,,Pudukkottai,,9.94188,79.08268,,village
Perendurai,,Pudukkottai,,10.25796,78.72090,பெருந்துரை,village
Periakottai,,Pudukkottai,,10.56789,79.07959,பெரியகோட்டை,village
Perichivanniyampatti,,Pudukkottai,,10.54618,79.02097,,village
Periya Sengīrai,,Pudukkottai,,10.11785,78.97807,,village
Periyakkalluvayal,,Pudukkottai,,10.21093,78.70113,பெரியக்கல்லுவயல்,hamlet
Periyakottoor,,Pudukkottai,,9.95315,79.03000,பெரியக்கோட்டூர்,hamlet
Periyakurumbapatty,,Pudukkottai,,10.56633,78.62400,,village
Periyalur,,Pudukkottai,,10.24829,79.07504,பெரியலூர்,village
Periyanayagipuram,,Pudukkottai,,10.36075,78.85823,,village
Periyatambiudaiyanpatti,,Pudukkottai,,10.52076,78.92193,,village
Periyavadi,,Pudukkottai,,10.37523,79.06556,பெரியவாடி,hamlet
Perumampatti,,Pudukkottai,,10.69405,78.57068,,village
Perumanadu,,Pudukkottai,,10.37960,78.74240,பெருமாநாடு,village
Perumaruthur,,Pudukkottai,,10.06705,79.10981,பெருமருதூர்,village
Perumaruthur North,,Pudukkottai,,10.07121,79.11122,பெருமருதூர்,hamlet
Perunavalur,,Pudukkottai,,10.09335,79.01080,,village
Perungalur,,Pudukkottai,,10.48869,78.93015,பெருங்களூர்,village
Perungapatty,,Pudukkottai,,10.35148,78.79731,பெருங்கபட்டி,village
Perungondanividuthy,,Pudukkottai,,10.44937,78.89817,பெருங்கொண்டான்விடுதி,village
Perungudi,,Pudukkottai,,10.29951,78.82894,பெருங்குடி,village
Perungudipatti,,Pudukkottai,,10.52471,78.74526,,village
Perunijinai,,Pudukkottai,,10.41919,78.75901,,village
Perunthamarai,,Pudukkottai,,10.02519,79.00702,பெருந்தாமரை,village
Peruvilattur,,Pudukkottai,,9.99757,79.16182,,hamlet
Pettivayal,,Pudukkottai,,10.08760,79.17982,பேட்டிவயல்,village
Peyadipatti,,Pudukkottai,,10.54315,79.15096,பேயாடிபட்டி,village
Peyal,,Pudukkottai,,10.43751,78.59053,,village
Pidaampatti,,Pudukkottai,,10.69470,78.69797,,hamlet
Pidarampatti,,Pudukkottai,,10.68729,78.63724,,village
Pidarikkadu,,Pudukkottai,,10.18147,79.09573,,village
Pidrarampatti,,Pudukkottai,,10.27035,78.51794,பிடாரம்பட்டி,hamlet
Pilakkollaippatti,,Pudukkottai,,10.66859,78.90744,,village
Pilakudipatti,,Pudukkottai,,10.34342,78.75215,பிலாக்குடிபட்டி,village
Pilappatti,,Pudukkottai,,10.37668,78.93630,,village
Pilaviduthy,,Pudukkottai,,10.47010,79.12754,பிலாவிடுதி,village
Pilippatti,,Pudukkottai,,10.54317,78.63134,,village
Pilivalam,,Pudukkottai,,10.28089,78.77053,புலிவலம்,village
Pillaipatti,,Pudukkottai,,10.29826,78.76279,பில்லைப்பட்டி,village
Pillaiyarthidal,,Pudukkottai,,10.08438,79.22474,பிள்ளையார்திடல்,village
Pillamangalam,,Pudukkottai,,10.18595,78.67623,பில்லமங்களம்,village
Pillamangalam Alagapuri,,Pudukkottai,,10.18143,78.66739,பி.அழகாபுரி,village
Pillangudi,,Pudukkottai,,10.08389,79.19128,பில்லங்குடி,village
Pillayarpatti,,Pudukkottai,,10.28347,78.51922,பிள்ளையார்பட்டி,hamlet
Pilluvalasai,,Pudukkottai,,9.94983,79.11542,,village
Pilluvettividuthi,,Pudukkottai,,10.51538,79.14186,பில்லுவெட்டுவிடுதி,hamlet
Pinnangudi,,Pudukkottai,,10.41873,78.64237,,village
Pinnankudipatti,,Pudukkottai,,10.57961,78.70068,,village
Piraamanappatti,,Pudukkottai,,10.26052,78.70231,பிராமனப்பட்டி,hamlet
Piraavayal,,Pudukkottai,,10.28021,78.67936,பிராவயல்,village
Pirampatty,,Pudukkottai,,10.49283,78.70781,,village
Pirantani,,Pudukkottai,,10.05236,79.06657,பிராந்தனி,village
Pirathabiramanpattinam,,Pudukkottai,,10.10357,79.22516,பிரதாபிராமன்பட்டினம்,hamlet
Pisannathur,,Pudukkottai,,10.58355,79.03264,பிசானத்தூர்,village
Pitchaithevanpatti,,Pudukkottai,,10.58487,78.63889,,village
Pitchakalanpatti,,Pudukkottai,,10.25027,78.46981,பிட்சகாலன்பட்டி,hamlet
Pithavur,,Pudukkottai,,10.31433,78.58842,பிதாவூர்,hamlet
Pokkiritakkal,,Pudukkottai,,10.16985,78.87450,,hamlet
Pokkisakaranpatti,,Pudukkottai,,10.47422,78.89151,,village
Polampatti,,Pudukkottai,,10.51223,78.66210,,village
Pommali Madai,,Pudukkottai,,10.50442,78.77885,,village
Ponakulam,,Pudukkottai,,10.65707,79.04757,புனல்குளம்,village
Ponbethi,,Pudukkottai,,9.95725,79.08611,,village
Ponkkudippatti,,Pudukkottai,,10.28950,78.74588,பொன்குடிப்பட்டி,village
Ponnamangalam,,Pudukkottai,,9.88894,79.10961,பொன்னமங்கலம்,village
Ponnamaravati,,Pudukkottai,,10.27568,78.54030,பொன்னமராவதி,town
Ponnampatti,,Pudukkottai,,10.35551,78.82845,,village
Ponnanur,,Pudukkottai,,10.31589,78.69578,பொன்னனூர்,village
Poochukudivayal,,Pudukkottai,,10.60592,78.92031,,village
Poonaiyankudiyiruppu,,Pudukkottai,,10.19423,78.87205,பூனையன்குடியிருப்பு,hamlet
Poondi,,Pudukkottai,,10.43928,78.97893,பூண்டி,village
Poongudi,,Pudukkottai,,10.45418,78.80950,பூங்குடி,village
Poosaritheru,,Pudukkottai,,10.49079,79.22838,பூசாரிதெரு,hamlet
Poovakkonpati,,Pudukkottai,,10.32733,78.66990,பூவக்கோன்பட்டி,village
Poovalakudi,,Pudukkottai,,10.33892,78.63082,பூவலகுடி,hamlet
Poovalur,,Pudukkottai,,10.05483,79.09479,பூவாளூர்,village
Poovalur Vadavayal,,Pudukkottai,,10.05492,79.10158,,hamlet
Poovampatti,,Pudukkottai,,10.29626,78.82493,பூவம்பட்டி,village
Poovanpatti,,Pudukkottai,,10.28184,78.79116,பூவன்பட்டி,hamlet
Poragaraippatti,,Pudukkottai,,10.32325,78.66091,புரகரைப்பட்டி,village
Poram,,Pudukkottai,,10.47531,78.94339,போரம்,village
Porissikkavundampatti,,Pudukkottai,,10.57137,78.48798,,village
Porkudi,,Pudukkottai,,10.02371,78.98745,போர்குடி,hamlet
Poruvai,,Pudukkottai,,10.64676,78.54723,திருநல்லூர்,village
Posampatti,,Pudukkottai,,10.13640,78.91651,போசம்பட்டி,hamlet
Poththappatti,,Pudukkottai,,10.55646,78.47993,,village
Pottavayal,,Pudukkottai,,9.87371,79.04848,பொட்டவயல்,hamlet
Poykadipatti,,Pudukkottai,,10.46629,78.65662,,village
Poyyamani,,Pudukkottai,,10.55998,78.47279,பொய்யாமணி,village
Poyyamanipatti,,Pudukkottai,,10.26145,78.48590,பொய்யாமனிபட்டி,hamlet
Poyyathanalloor,,Pudukkottai,,9.87420,79.08676,பொய்யாதநல்லூர்,hamlet
Pudhur,,Pudukkottai,,10.71909,78.71342,,hamlet
Pudhuvayal,,Pudukkottai,,10.63421,78.63117,,village
Pudukkottai,,Pudukkottai,,10.38265,78.81913,புதுக்கோட்டை,city
Pudukkottai Viduthy,,Pudukkottai,,10.37071,78.95608,புதுக்கோட்டைவிடுதி,village
Pudukkottaividuthi,,Pudukkottai,,10.55708,79.15405,புதுக்கோட்டைவிடுதி,hamlet
Pudukkudi,,Pudukkottai,,9.99702,79.21587,,village
Pudumanai,,Pudukkottai,,10.26047,78.79234,,hamlet
Pudunagar,,Pudukkottai,,10.61573,79.04354,புதுநகர்,village
Pudunallur,,Pudukkottai,,10.30848,78.52712,புதுநல்லுர்,hamlet
Pudunilaippatti (Pudunilavayal),,Pudukkottai,,10.17751,78.85596,புதுநிலைப்பட்டி (புதுநிலைவாயல்),village
Pudupatti,,Pudukkottai,,10.56524,79.06569,புதுப்பட்டி,village
Puduppatti,,Pudukkottai,,10.50080,79.10100,,village
Pudur,,Pudukkottai,,10.44551,78.68105,புதூர்,village
Pudurajapatti,,Pudukkottai,,10.41616,78.85190,புதுராஜாப்பட்டி,village
Puduvakkatu,,Pudukkottai,,10.13358,79.09731,புதுவாக்காடு,village
Puduvakkottai,,Pudukkottai,,10.13828,78.97022,,village
Puduvayal,,Pudukkottai,,10.49575,78.82141,,village
Puduvettivayal,,Pudukkottai,,10.01285,79.06548,,village
Puduviduthi,,Pudukkottai,,10.55504,79.13245,புதுவிடுதி,village
Pukkudipatti,,Pudukkottai,,10.55668,78.51947,,village
Pulampatti,,Pudukkottai,,10.31823,78.70277,பூலாம்பட்டி,village
Pulangadambapatti,,Pudukkottai,,10.43050,78.64473,,village
Pulangalam,,Pudukkottai,,10.53552,78.50446,,village
Pulavampatti,,Pudukkottai,,10.46401,78.68288,,village
Pulavanarkudi,,Pudukkottai,,10.34566,78.55752,புலவனார்குடி,hamlet
Pulavankurichi,,Pudukkottai,,9.88800,79.09739,புலவன்குறிச்சி,hamlet
Pulavanpatti,,Pudukkottai,,10.55697,78.56495,,village
Pulayantheru,,Pudukkottai,,10.42145,79.09544,புலயான்தெரு,hamlet
Pulichangadu,,Pudukkottai,,10.32851,79.12165,,village
Puliyampatti,,Pudukkottai,,10.52822,78.71334,,village
Puliyur,,Pudukkottai,,10.63376,78.84137,புலியூர்,village
Pullanviduthy,,Pudukkottai,,10.35493,79.09299,புள்ளான்விடுதி,village
Pulvayal,,Pudukkottai,,10.37856,78.71346,புல்வயல்,village
Pumattampatti,,Pudukkottai,,10.33599,78.86391,,village
Punginipatti,,Pudukkottai,,10.52537,78.63434,புங்கினிபட்டி,village
Punniyavayal,,Pudukkottai,,10.06527,79.02926,புண்ணியவயல்,village
Purakarai Natham Pannai,,Pudukkottai,,10.37497,78.78591,9பி நத்தம்பண்ணை,village
Purakaraivayal,,Pudukkottai,,10.20544,78.92597,,hamlet
Purasakkudi,,Pudukkottai,,10.00877,79.10382,புரசக்குடி,hamlet
Purasampatti,,Pudukkottai,,10.61618,78.48928,,village
Purasangalapatti,,Pudukkottai,,10.51140,78.58190,,hamlet
Puravasagudy,,Pudukkottai,,10.33464,78.87029,பூவரசகுடி,village
Puthambur,,Pudukkottai,,10.46616,78.84514,புத்தாம்பூர்,village
Puthukudiyanpatti,,Pudukkottai,,10.53191,78.89093,,village
Puthuparali,,Pudukkottai,,10.20183,78.71889,புதுப்பரளி,hamlet
Puthuppatti,,Pudukkottai,,10.53009,78.91424,,village
Puthuvayal,,Pudukkottai,,10.46136,78.98611,புதுவயல்,village
Puthuvayal Utkadai Subbiramaniyapuram,,Pudukkottai,,10.08704,79.11658,புத்துவயல் உட்கடை சுப்பிரமணியபுரம்,village
Puvattakudi,,Pudukkottai,,10.23013,79.05702,பூவாத்தக்குடி,village
R. Pudupattinam,,Pudukkottai,,9.91054,79.14164,,village
R.Palakurichy,,Pudukkottai,,10.30943,78.44129,ஆர்.பாலகுருச்சி,village
Raja Bahadur,,Pudukkottai,,10.50982,79.01039,ராஜா பகதூர்,village
Rajagiri,,Pudukkottai,,10.57716,78.56521,இராஜகிரி,village
Rajakkudieruppu,,Pudukkottai,,10.39093,79.09594,ராஜாக்குடியிருப்பு,hamlet
Rajakudierupu,,Pudukkottai,,10.38998,79.09843,ராஜாகுடியிருப்பு,hamlet
Rajakulathur,,Pudukkottai,,10.49815,78.84671,ராஜகுளத்தூர்,village
Rajamangalam,,Pudukkottai,,10.36056,78.99715,,village
Rajapatty,,Pudukkottai,,10.42763,78.82830,ராஜாபட்டி,village
Rajappatti,,Pudukkottai,,10.53291,79.02951,,village
Rajavayal,,Pudukkottai,,10.41374,78.79620,ராஜாவயல்,village
Rajendrapuram,,Pudukkottai,,10.21137,79.03341,இராஜேந்திரபுரம்,village
Rakkathampatti,,Pudukkottai,,10.61976,78.89645,ராக்கதம்பட்டி,village
Ramachandramaharajapuram,,Pudukkottai,,10.16956,78.81856,,village
Ramachandrapuram,,Pudukkottai,,10.64393,78.81527,,village
Ramachandrapuram (Kadiyapatti),,Pudukkottai,,10.23517,78.78886,இராமச்சந்திரபுரம் (கடியாபட்டி),village
Ramakavundanpatti,,Pudukkottai,,10.57488,78.51471,,village
Ramasamipuram,,Pudukkottai,,10.22130,79.13386,இராமசாமிபுரம்,village
Ramudaiyanpatti,,Pudukkottai,,10.58880,78.97378,,village
Rangakavundanpatti,,Pudukkottai,,10.57270,78.48663,,village
Rangianviduthy,,Pudukkottai,,10.46758,79.19377,ராங்கியன்விடுதி;ராங்கியன்விடுதிமேலத்தெரு,village
Rangiyam,,Pudukkottai,,10.24844,78.66044,ராங்கியம்,village
Rapoosal,,Pudukkottai,,10.52655,78.68596,இராபூசல்,village
Rarapuram,,Pudukkottai,,10.34578,78.70125,ராராபுரம்,village
Rasalipatti,,Pudukkottai,,10.60980,78.47055,ராஜாளிப்பட்டி,village
Rasampatty,,Pudukkottai,,10.48874,78.66919,,village
Rasappatti,,Pudukkottai,,10.68330,78.87068,,village
Rasipuram,,Pudukkottai,,10.68543,78.72002,ராசிபுரம்,village
Ravuthanvayal,,Pudukkottai,,10.10908,79.21891,ராவுத்தன்வயல்,village
Rayanvayal,,Pudukkottai,,10.16221,79.14682,,village
Rayappatti,,Pudukkottai,,10.48549,78.85881,,village
Rayaregunathasamudram,,Pudukkottai,,10.26656,78.82384,,village
Rayavaram,,Pudukkottai,,10.24859,78.81136,இராயவரம்,village
Regunaathapuram,,Pudukkottai,,10.19689,78.85980,ரெகுநாதபுரம்,hamlet
Regunathapatti,,Pudukkottai,,10.29860,78.44752,ரெகுனாதபட்டி,hamlet
Regunathapuram,,Pudukkottai,,10.55798,79.12748,ரெகுநாதபுரம்,village
Retnakottai,,Pudukkottai,,10.18772,79.02629,ரெத்தினகோட்டை,village
Rettaiyalam,,Pudukkottai,,10.01350,79.15324,ரெட்டையாளம்,village
Rettiyapatti,,Pudukkottai,,10.30711,78.56306,ரெட்டியாபட்டி,village
Saamathampatti,,Pudukkottai,,10.24101,78.90461,சாமத்தம்பட்டி,hamlet
Saathivayal,,Pudukkottai,,10.62862,78.65144,,village
Saavakkaranpatti,,Pudukkottai,,10.27324,78.66949,சாவக்காரன்பட்டி,hamlet
Sadampatti,,Pudukkottai,,10.39329,78.55189,சடையம்பட்டி,hamlet
Saliyam,,Pudukkottai,,10.03880,79.11910,சாலியம்,hamlet
Sammattividudi,,Pudukkottai,,10.43045,78.96956,சம்மட்டிவிடுதி,village
Samuthirappatti,,Pudukkottai,,10.65150,79.00856,,village
Samuthrappatti,,Pudukkottai,,10.13617,78.93606,சமுத்திராப்பட்டி,hamlet
Sananenthal,,Pudukkottai,,9.99752,78.97881,சானானேந்தல்,village
Sangampatti,,Pudukkottai,,10.46633,78.68910,,village
Sangerapatti,,Pudukkottai,,10.53959,78.60003,,village
Sangiyagondanpatti,,Pudukkottai,,10.54511,78.46890,,hamlet
Sanivayal,,Pudukkottai,,10.45827,78.83119,சானிவயல்,village
Sankampatty,,Pudukkottai,,10.37177,78.53534,சங்கம்படடி,hamlet
Sankarampatti,,Pudukkottai,,10.36152,78.61770,சங்கரம்பட்டி,hamlet
Sannathi,,Pudukkottai,,9.93442,79.15547,,village
Sannayaptti,,Pudukkottai,,10.47591,78.75674,,village
Santhanaviduthi,,Pudukkottai,,10.22472,78.71932,சந்தனவிடுதி,hamlet
Sappaanipatti,,Pudukkottai,,10.62996,78.82413,,village
Saralappatti,,Pudukkottai,,10.67612,78.61409,,hamlet
Sarappatti,,Pudukkottai,,10.30246,78.71777,சாரப்பட்டி,village
Sarnakkudi,,Pudukkottai,,10.65908,78.53101,,hamlet
Sathakkudi,,Pudukkottai,,10.09071,79.13196,சாத்தக்குடி,village
Sathampatti,,Pudukkottai,,10.53047,78.67537,,village
Sathanur,,Pudukkottai,,10.35621,78.61499,சாத்தனூர்,village
Sathinipatti,,Pudukkottai,,10.52096,78.88566,,village
Sathirapatti,,Pudukkottai,,10.06039,79.00514,சத்திரபட்டி,village
Sathiyadi,,Pudukkottai,,10.00729,79.13618,சாத்தியடி,village
Sathiyanathapuram,,Pudukkottai,,10.51813,78.62958,,village
Sathyamangalam,,Pudukkottai,,10.48071,78.77012,சத்தியமங்கலம்,village
Sattanendal,,Pudukkottai,,10.24981,79.09658,,village
Satthamangalam,,Pudukkottai,,9.99662,79.12411,சாத்தமங்கலம்,hamlet
Sattiyadi,,Pudukkottai,,9.93580,79.04483,,village
Sattiyakudi,,Pudukkottai,,10.02671,79.03555,சாட்டியக்குடி;சாத்தியக்குடி,village
Sauriyapattanam,,Pudukkottai,,10.43427,78.99379,,hamlet
Saveriyarpatti,,Pudukkottai,,10.68335,79.00586,,village
Saveriyarpattinam,,Pudukkottai,,10.58987,78.81414,,village
Saveriyarpuram,,Pudukkottai,,10.19788,78.76474,சவேரியார்புரம்,hamlet
Seegampatti,,Pudukkottai,,10.41715,78.65023,,village
Seeganendal,,Pudukkottai,,10.01737,79.13521,சீகனேந்தல்,hamlet
Seeganivayal,,Pudukkottai,,10.02979,79.19027,சீகனிவயல்,hamlet
Seekampatti,,Pudukkottai,,10.30050,78.43238,சீகம்பட்டி,hamlet
Seemanur,,Pudukkottai,,10.52847,78.82931,,village
Seemanuur,,Pudukkottai,,10.22702,78.74251,சீமானூர்,hamlet
Seepukaranpatty,,Pudukkottai,,10.51942,78.99685,சீப்புக்காரன்பட்டி,village
Seerangampatti,,Pudukkottai,,10.46722,78.87815,,village
Sellukudi,,Pudukkottai,,10.38957,78.77235,,village
Selvanenthal,,Pudukkottai,,10.08804,79.09161,செல்வனேந்தல்,hamlet
Semangalam,,Pudukkottai,,10.62156,78.50144,,village
Semangkottai,,Pudukkottai,,9.89476,79.11624,சேமங்கோட்டை,hamlet
Sembalavayal,,Pudukkottai,,10.03398,78.92897,,village
Sembattur,,Pudukkottai,,10.48326,78.83954,செம்பாட்டூர்,village
Sembuthi,,Pudukkottai,,10.31564,78.58877,செம்பூதி,village
Semmalapatti,,Pudukkottai,,10.33628,78.55302,செம்மலாபட்டி,village
Semmanampottal,,Pudukkottai,,10.03973,79.09427,செம்மனாம்பொட்டல்,hamlet
Semmanpunjai,,Pudukkottai,,10.46954,79.19552,,hamlet
Semmatividuthy,,Pudukkottai,,10.43379,78.97807,சம்மட்டிவிடுதி,village
Sempatti,,Pudukkottai,,10.52081,78.89038,,village
Senai Ayyanarkovil,,Pudukkottai,,10.51271,78.59209,,hamlet
Senaiyakkudi,,Pudukkottai,,10.52343,78.85463,செனையக்குடி,village
Senapiriyān,,Pudukkottai,,10.07179,78.94622,,hamlet
Sendakudi,,Pudukkottai,,10.28410,78.92591,சேந்தாகுடி,village
Sendankudi,,Pudukkottai,,10.28712,79.08652,சேந்தன்குடி,village
Sengaaviduthi,,Pudukkottai,,10.24042,78.76808,செங்காவிடுதி,hamlet
Sengalakkudi,,Pudukkottai,,10.65601,78.68425,,village
Sengalur,,Pudukkottai,,10.66636,78.88779,செங்களூர்,village
Sengamari,,Pudukkottai,,10.21264,78.94054,,village
Sengamedu,,Pudukkottai,,10.56614,79.18141,செங்கமேடு,village
Sengampatti,,Pudukkottai,,10.57421,78.54321,,village
Sengamviduthy,,Pudukkottai,,10.52442,79.08506,சங்கம்விடுதி,village
Senganam,,Pudukkottai,,9.91630,79.03681,,village
Senganātti,,Pudukkottai,,10.14094,78.96099,,hamlet
Sengatoppu,,Pudukkottai,,10.36199,78.82888,செங்கைதோப்பு,village
Sengirai,,Pudukkottai,,10.25760,78.82451,செங்கீரை,village
Senthamangalam,,Pudukkottai,,10.36567,78.74743,,village
Senthampatti,,Pudukkottai,,10.22928,78.67194,சேந்தம்பட்டி,hamlet
Seplavayal,,Pudukkottai,,10.13355,79.05397,சேப்ளாவயல்,hamlet
Seppavayal,,Pudukkottai,,10.06911,78.94400,செப்பாவயல்,village
Seppillaampatti,,Pudukkottai,,10.30822,78.83584,சேப்பிளாம்பட்டி,hamlet
Seranur,,Pudukkottai,,10.40490,78.65889,சேரனூர்,village
Seriyalur,,Pudukkottai,,10.29571,79.11324,செரியலூர் இனாம்,village
Seriyalur Zamin,,Pudukkottai,,10.29491,79.11538,செரியலூர் ஜமீன்,village
Serunjunai,,Pudukkottai,,10.39222,78.76077,,village
Servaikaran patti,,Pudukkottai,,10.42753,78.52602,சேர்வைகாரன்பட்டி,hamlet
Seththappatti,,Pudukkottai,,10.60793,78.75257,,village
Sethurapatti,,Pudukkottai,,10.58431,78.61786,,village
Sethuravayal,,Pudukkottai,,10.58684,78.76571,,village
Settikkadu,,Pudukkottai,,10.10033,79.12362,செட்டிக்காடு,hamlet
Settividuthi,,Pudukkottai,,10.41119,79.06619,செட்டிவிடுதி,hamlet
Sevalpatti,,Pudukkottai,,10.47517,79.03631,செவல்பட்டி,hamlet
Sevalur,,Pudukkottai,,10.29668,78.63332,செவலூர்,village
Sevapatti,,Pudukkottai,,10.42176,78.79802,,village
Sevikkottai,,Pudukkottai,,10.15754,78.94404,,hamlet
Sevittantiyenthal,,Pudukkottai,,10.07406,79.08739,செவிட்டாண்டியேந்தல்,hamlet
Seviyarkudikadu,,Pudukkottai,,10.62396,79.12493,,village
Sevuganpatty,,Pudukkottai,,10.41632,78.95372,சேவுகன்ப்பட்டி,village
Sevvaipatti,,Pudukkottai,,10.48587,79.13625,செவ்வாய்பட்டி,hamlet
Seyyanam,,Pudukkottai,,9.94196,79.14231,செய்யானம்,village
Shanmuganathapuri,,Pudukkottai,,10.15841,78.67507,சண்முகநாதபுரி,hamlet
Siiththappatti,,Pudukkottai,,10.59325,78.63224,,village
Silatthani,,Pudukkottai,,10.12445,79.12985,சிலாத்தணி,village
Silattur,,Pudukkottai,,10.22835,78.99110,சிலட்டூர்,village
Sillathuppatti,,Pudukkottai,,10.59308,78.85523,,village
Sinamangalam,,Pudukkottai,,10.16157,79.09894,,village
Singathakurichi,,Pudukkottai,,10.67505,78.68855,,village
Singavanam,,Pudukkottai,,10.09959,79.17905,சிங்கவனம்,village
Sinnakurumbapatty,,Pudukkottai,,10.57401,78.62306,,village
Siraduseri,,Pudukkottai,,10.25479,78.91943,,village
Siralappatti,,Pudukkottai,,10.58662,78.49822,,village
Sirampatti,,Pudukkottai,,10.34393,78.79264,,hamlet
Sirathakudi,,Pudukkottai,,10.17418,78.69126,சீராத்தக்குடி,village
Sirayampatti,,Pudukkottai,,10.26712,78.89505,,hamlet
Sirayampatti Chattram,,Pudukkottai,,10.27337,78.88454,சத்திரம்,village
Siriyakoottoor,,Pudukkottai,,9.96258,79.02725,சிறியக்கோட்டூர்,hamlet
Sirukaathaankudi,,Pudukkottai,,10.07313,78.95762,சிறுகாத்தான்குடி,hamlet
Sirukasavayal,,Pudukkottai,,10.07690,79.12371,சிறுகாசாவயல்,hamlet
Sirukatavakkottai,,Pudukkottai,,9.88207,79.10972,சிறுகடவாக்கோட்டை,village
Sirukavayal,,Pudukkottai,,10.11764,79.07285,சிறுகவயல்,hamlet
Sirumangalappatti,,Pudukkottai,,10.53444,78.73485,,village
Sirumarudur,,Pudukkottai,,10.07407,79.08210,சிறுமருதூர்,village
Sirunattanvayal,,Pudukkottai,,10.22683,78.93385,,village
Siruvaipatty,,Pudukkottai,,10.34726,78.84328,சிறுவாய்பட்டி,village
Siruvayal,,Pudukkottai,,10.42902,78.82042,,village
Siruvilathur,,Pudukkottai,,9.99041,79.15699,சிறுவிளத்தூர்,hamlet
Sitapatti,,Pudukkottai,,10.46316,78.61750,,village
Sithakkoor,,Pudukkottai,,10.00167,78.99586,சித்தக்கூர்,village
Sithakkur north,,Pudukkottai,,10.00533,78.99940,,hamlet
Sithanavasal,,Pudukkottai,,10.46361,78.72260,சித்தன்னவாசல்,village
Sithavanam,,Pudukkottai,,10.00167,79.11723,சித்தாவனம்,hamlet
Sithirampatti,,Pudukkottai,,10.50174,78.51405,,village
Sithirampoor,,Pudukkottai,,10.07233,78.98578,சித்திரம்பூர்,hamlet
Siththaambur,,Pudukkottai,,10.61708,78.68292,,village
Sittalanjapatti,,Pudukkottai,,10.23718,78.78345,,hamlet
Sittappatti,,Pudukkottai,,10.54887,78.58581,,village
Sittupatti,,Pudukkottai,,10.50032,78.73515,,village
Sivakamipuram,,Pudukkottai,,10.63132,78.80246,,village
Sivanakiri,,Pudukkottai,,10.01517,79.05071,சிவனகிரி,hamlet
Sivandankadu,,Pudukkottai,,10.11844,79.03101,,village
Sivandhanpatti,,Pudukkottai,,10.55123,79.05940,,village
Sivanpatti,,Pudukkottai,,10.59991,78.51995,,village
Sivayogapuram,,Pudukkottai,,10.25368,78.65831,சிவயோகபுரம்,hamlet
Soiruveli,,Pudukkottai,,9.98914,79.06475,,village
Sokantheru,,Pudukkottai,,10.36592,79.10287,சொக்கன்தெரு,hamlet
Sokkampettai,,Pudukkottai,,10.52461,79.08083,,village
Sokkanathanpatti,,Pudukkottai,,10.43723,78.72410,,village
Sokkanathapatti,,Pudukkottai,,10.54869,78.96613,சொக்கநாதப்பட்டி,village
Sokkantheru,,Pudukkottai,,10.51351,79.12849,சொக்கன்தெரு,hamlet
Solacheripatti,,Pudukkottai,,10.46963,78.63645,,village
Solagampatti,,Pudukkottai,,10.65420,78.94784,,village
Solagampatty,,Pudukkottai,,10.54348,78.98015,,village
Solakampatty,,Pudukkottai,,10.49923,78.57523,,village
Solampatti,,Pudukkottai,,10.26273,78.72035,சோளம்பட்டி,hamlet
Solani,,Pudukkottai,,10.11703,79.13239,சோழனி,village
Sondampatti,,Pudukkottai,,10.56401,78.90201,,village
Soorakkadu,,Pudukkottai,,10.42674,79.07622,சூரக்காடு,hamlet
Soriyampatti,,Pudukkottai,,10.38155,78.56567,சொரியம்பட்டி,hamlet
Soriyanpatti,,Pudukkottai,,10.56526,78.94526,,village
Sothupalai,,Pudukkottai,,10.56127,78.96526,சோத்துபாளை,village
Soundranayakipuram,,Pudukkottai,,9.98698,79.07676,,village
Subrahmanyapuram,,Pudukkottai,,10.15610,78.96256,,hamlet
Subramanyapuram,,Pudukkottai,,10.17784,79.12519,,village
Sudalaivayal,,Pudukkottai,,10.08153,79.16052,சுடலைவயல்,village
Sukkaampatti,,Pudukkottai,,10.57016,78.56674,,village
Sukkanenthal,,Pudukkottai,,9.86285,79.09452,சுக்கானேந்தல்,hamlet
Sukkiranviduthi,,Pudukkottai,,10.47870,79.14528,சுக்கிரன்விடுதி,hamlet
Sullani,,Pudukkottai,,9.98548,79.06242,சுள்ளனி,hamlet
Sundampatti,,Pudukkottai,,10.54245,79.03590,சுந்தம்பட்டி,village
Sundaneripatti,,Pudukkottai,,10.45781,78.98603,சுந்தநேரிப்பட்டி,village
Sundaram,,Pudukkottai,,10.31209,78.61864,சுந்தரம்,village
Sundarappatti,,Pudukkottai,,10.35866,78.70691,,village
Suppammalpatti,,Pudukkottai,,10.32896,78.87289,,village
Surankudipatti,,Pudukkottai,,10.68616,78.62289,,hamlet
Suranviduthy,,Pudukkottai,,10.34671,79.02058,,village
Surapatti,,Pudukkottai,,10.43472,78.57083,சூரபட்டி,village
Suriyanviduthy,,Pudukkottai,,10.53241,79.14098,சூரியன்விடுதி,hamlet
Suriyur,,Pudukkottai,,10.60405,78.63306,சூரியூர்,village
Susaiudaiyanpatti,,Pudukkottai,,10.57399,78.77328,,village
Suttiyampatti,,Pudukkottai,,10.39540,78.95419,,village
T.Kizhaiyur,,Pudukkottai,,10.62105,78.87673,தா. கீழையூர்,village
Tachankurichi,,Pudukkottai,,10.66847,78.99133,தச்சங்குறிச்சி,village
Tachchampatti,,Pudukkottai,,10.43782,78.69276,பரம்பூர்,village
Tachchateruvu,,Pudukkottai,,10.15612,78.95956,,hamlet
Tachchatteruvu,,Pudukkottai,,10.51727,79.06272,,village
Talayarinattam,,Pudukkottai,,10.52849,78.60587,,hamlet
Talinji,,Pudukkottai,,10.48703,78.58585,தளிஞ்சி,village
Tanikadu,,Pudukkottai,,10.03508,78.93966,தானிக்காடு,village
Tannangudi,,Pudukkottai,,10.54777,78.64235,,village
Tantani,,Pudukkottai,,10.24449,78.98518,தந்தாணி,village
Tarinjiravayal,,Pudukkottai,,10.20145,78.92889,,hamlet
Tattampatti,,Pudukkottai,,10.44867,78.84325,தட்டாம்பட்டி,village
Tattangudi Pallatteru,,Pudukkottai,,10.51274,78.60396,,village
Tavalappallam,,Pudukkottai,,10.39719,78.94192,,village
Tayinipatti,,Pudukkottai,,10.53302,78.75591,தாயினிப்பட்டி,village
Tedakki,,Pudukkottai,,10.15520,79.13499,,village
Tennamarai,,Pudukkottai,,9.89652,79.05097,,village
Tennanbadi,,Pudukkottai,,10.56195,78.54759,தென்னம்பாடி,village
Tennathirayanpatti,,Pudukkottai,,10.43725,78.83924,தென்னதிரயன்பட்டி,village
Teravur,,Pudukkottai,,10.54045,78.55068,தேராவூர்,village
Terku Mottappatti,,Pudukkottai,,10.55169,78.49495,,village
Terkudadu,,Pudukkottai,,10.44893,79.13411,,hamlet
Terkuppatti,,Pudukkottai,,10.52294,78.56583,,village
Tettampatti,,Pudukkottai,,10.36712,78.86613,,village
Tevadiyakovilpatti,,Pudukkottai,,10.49450,78.58967,,village
Tevanimangalam,,Pudukkottai,,9.90481,79.12828,,hamlet
Thachamalli,,Pudukkottai,,10.01433,79.03985,தச்சமல்லி,hamlet
Thachampatti,,Pudukkottai,,10.26980,78.78948,தச்சம்பட்டி,hamlet
Thakkiripatti,,Pudukkottai,,10.48899,78.79910,,village
Thalakkolai,,Pudukkottai,,10.39576,79.11418,தாழக்கொல்லை,hamlet
Thalanur,,Pudukkottai,,9.97910,79.10751,தாழனூர்,village
Thalappatti,,Pudukkottai,,10.66760,78.54731,,hamlet
Thalikkottai,,Pudukkottai,,10.09360,79.18280,தளிக்கோட்டை,hamlet
Thallampatti,,Pudukkottai,,10.18073,78.89799,தள்ளாம்பட்டி,hamlet
Thammam,,Pudukkottai,,10.10712,79.18089,தம்மம்,hamlet
Thandalai,,Pudukkottai,,10.05206,79.21132,தண்டலை,village
Thandippatti,,Pudukkottai,,10.55595,78.73301,,village
Thanikontan,,Pudukkottai,,9.97071,79.07268,தனிகொண்டான்,village
Thanjure,,Pudukkottai,,10.22419,78.90795,தாஞ்சூர்,hamlet
Thanneerpandalpatty,,Pudukkottai,,10.42358,78.87883,தண்ணீர்பந்தல்பட்டி,village
Tharmarajanvayal,,Pudukkottai,,10.09179,79.17087,தர்மராஜன்வயல்,village
Thatchampatti,,Pudukkottai,,10.31809,78.56589,தச்சம்பட்டி,hamlet
Thathani,,Pudukkottai,,9.97088,79.13195,தத்தனி,hamlet
Thathappatti,,Pudukkottai,,10.39844,78.94676,தாதப்பட்டி,village
Thattamanaippatti,,Pudukkottai,,10.57441,79.11378,கீராத்தூர்,village
Thattankollai,,Pudukkottai,,10.46602,79.19585,,hamlet
Thchampatti,,Pudukkottai,,10.21579,78.50714,தச்சம்பட்டி,hamlet
Theethanipatti,,Pudukkottai,,10.42621,78.99996,தீத்தாணிப்பட்டி,village
Theethanpatti,,Pudukkottai,,10.30852,78.54205,தீத்தான்பட்டி,hamlet
Theethanviduthi,,Pudukkottai,,10.47612,79.15035,தீத்தான்விடுதி,village
Thekkattur,,Pudukkottai,,10.29975,78.78833,தெக்காத்தூர் / தேக்காட்டுர்,village
Thekkiadu,,Pudukkottai,,10.32028,78.54677,தெக்கிகாடு,hamlet
Thekkur,,Pudukkottai,,10.14164,78.86188,தெக்கூர்,hamlet
Themmanippatti,,Pudukkottai,,10.60249,78.83128,,village
Themmavur,,Pudukkottai,,10.59823,78.92355,தெம்மாவூர்,village
Thenathi vayal,,Pudukkottai,,10.03033,78.95727,தேனத்திவயல்,hamlet
Thengaithinnippatti,,Pudukkottai,,10.56807,78.48521,தெங்கைதின்னிபட்டி,village
Thenimalai,,Pudukkottai,,10.33790,78.58951,தேனிமலை,hamlet
Thenipatty,,Pudukkottai,,10.44483,78.85096,தேனிபட்டி,village
Thenippatti,,Pudukkottai,,10.18187,78.92445,தேனிப்பட்டி,village
Thenkudi,,Pudukkottai,,10.05570,78.96273,தென்குடி,hamlet
Thennangudi,,Pudukkottai,,10.47152,78.86512,தென்னங்குடி,village
Thennathirayanpatti,,Pudukkottai,,10.61432,78.81839,தென்னாதிரயன்பட்டி,village
Thennilaippatti,,Pudukkottai,,10.66830,78.63194,,village
Thenur,,Pudukkottai,,10.33278,78.57156,தேனூர்,village
Thenvayal,,Pudukkottai,,10.04519,79.08547,தென்வயல்,hamlet
Therkkuthuvaravayal,,Pudukkottai,,10.58013,78.74399,,village
Therku Chevalpatti,,Pudukkottai,,10.56739,78.46985,,village
Therku Kudiyiruppu,,Pudukkottai,,10.22947,78.87666,தெற்குகுடியிருப்பு,hamlet
Therku Ponthupuli,,Pudukkottai,,10.20753,78.88982,தெற்குபொந்துபுளி,hamlet
Therku nallippatti,,Pudukkottai,,10.28093,78.83145,தெற்குநல்லிப்பட்டி,hamlet
Therku pudupatti,,Pudukkottai,,10.64150,78.67443,,village
Therkukalam,,Pudukkottai,,10.46891,78.66743,,village
Therkuponnampatti,,Pudukkottai,,10.28288,78.85052,தெற்குபொன்னம்பட்டி,hamlet
Thethampatti,,Pudukkottai,,10.17340,78.76558,தேத்தாம்பட்டி,hamlet
Thethuvasalpatti,,Pudukkottai,,10.66154,79.05783,,village
Theuvanpatti,,Pudukkottai,,10.25300,78.50654,,hamlet
Thevali,,Pudukkottai,,10.72698,78.70329,,hamlet
Thevanpatti,,Pudukkottai,,10.25684,78.49262,தேவன்பட்டி,hamlet
Thillaivayal,,Pudukkottai,,10.06565,78.96346,தில்லைவயல்,village
Thinaiyakudi,,Pudukkottai,,10.10949,79.17026,தினையாகுடி,village
Thinnakkulam,,Pudukkottai,,10.56093,79.10538,,village
Thirapidingi,,Pudukkottai,,10.05097,78.94576,திராபிடுங்கி,village
Thirukalambur,,Pudukkottai,,10.20516,78.49547,திருக்கலம்பூர்,village
Thirukkalyanapuram,,Pudukkottai,,9.92821,79.00693,திருக்கல்யாணபுரம்,hamlet
Thirukkattalai,,Pudukkottai,,10.36951,78.84970,திருக்கட்டளை,village
Thirukulambur,,Pudukkottai,,10.20160,78.50290,,hamlet
Thirumalaraya Samudram,,Pudukkottai,,10.35285,78.83572,திருமலைராய சமுத்திரம்,village
Thirumanancheri,,Pudukkottai,,10.43154,79.11935,திருமணஞ்சேரி,village
Thirumangalapattinam,,Pudukkottai,,10.09512,79.22642,திருமங்கலபட்டினம்,hamlet
Thirunattampatti,,Pudukkottai,,10.35182,78.66722,திருநாட்டம்பட்டி,hamlet
Thirunellivayal,,Pudukkottai,,10.11822,79.16856,திருநெல்லிவயல்,village
Thirupanangudi,,Pudukkottai,,10.04788,78.93637,திருப்பனங்குடி,hamlet
Thiruppakkovil,,Pudukkottai,,10.54686,79.17503,திருப்பக்கோவில்,village
Thiruppunavaasal Kaalani,,Pudukkottai,,9.87531,79.07515,,hamlet
Thiruppunavasal,,Pudukkottai,,9.85554,79.06922,திருப்புன்னவாசல்,village
Thiruppur,,Pudukkottai,,10.55389,78.84806,திருப்பூர்,village
Thiruvaanaikkaavanpatti,,Pudukkottai,,10.29127,78.78240,திருவானைக்காவன்பட்டி,hamlet
Thiruvakkudi,,Pudukkottai,,10.07419,78.99357,திருவாக்குடி,village
Thiruvarangulam,,Pudukkottai,,10.35626,78.87440,திருவரங்குளம்,village
Thiruvasapuram,,Pudukkottai,,10.23693,78.68958,மேலதுருவாசபுரம்,village
Thiruvengavasal,,Pudukkottai,,10.41282,78.77352,திருவேங்கைவாசல்,village
Thiruvirunthavayal,,Pudukkottai,,9.95575,79.00741,திருவிருந்தாவயல்,hamlet
Tholuthanpatti,,Pudukkottai,,10.47946,78.88310,,village
Thomparampatti,,Pudukkottai,,10.44071,79.09319,தொம்பரம்பட்டி,hamlet
Thondaiman oorani north,,Pudukkottai,,10.50558,79.02148,தொண்டைமான் ஊரணி வடக்கு,village
Thondaman Urani,,Pudukkottai,,10.49996,79.02062,தொண்டைமான் ஊரணி,village
Thondamandendal,,Pudukkottai,,10.12174,79.08699,தொண்டமானேந்தல்,village
Thondamanviduthy,,Pudukkottai,,10.43154,78.92284,,village
Thondamanviduthy ad colony,,Pudukkottai,,10.43116,78.91860,,village
Thoppupatty,,Pudukkottai,,10.35589,78.83259,தோப்புப்பட்டி,village
Thottiyampatti,,Pudukkottai,,10.26514,78.53323,தொட்டியம்பட்டி,village
Thottiyapatti,,Pudukkottai,,10.50908,78.68477,,village
Thudaiyur,,Pudukkottai,,10.50380,78.79927,தோடையூர்,village
Thulaiyanur,,Pudukkottai,,10.22147,78.70086,துலையானூர்,village
Thulukkampatti,,Pudukkottai,,10.57473,78.72617,,hamlet
Thulukkanpatti,,Pudukkottai,,10.56169,78.82152,,village
Thuma,,Pudukkottai,,10.24100,78.68022,,hamlet
Thunjanur,,Pudukkottai,,10.00198,79.00984,துஞ்சனூர்,village
Thuraiyur,,Pudukkottai,,10.19775,78.92076,துரையூர்,village
Thurusupatti,,Pudukkottai,,10.59730,79.05054,,village
Thuthur,,Pudukkottai,,10.31027,78.54353,தூத்தூர்,village
Thuvar,,Pudukkottai,,10.45336,79.05549,துவார்,village
Tirumayam,,Pudukkottai,,10.24494,78.74639,திருமயம்,town
Tirumayampatti,,Pudukkottai,,10.53831,78.65041,,village
Tirunallur,,Pudukkottai,,10.59385,78.60815,திருநல்லூர்,village
Tirunalur,,Pudukkottai,,10.27911,79.02423,,village
Tiruvalangulam,,Pudukkottai,,10.62825,78.63716,,village
Tiruvayppadi,,Pudukkottai,,10.13904,79.19156,,village
Tiyattur,,Pudukkottai,,9.91212,79.08019,,village
Tiyyur,,Pudukkottai,,9.93047,79.02981,தீயூர்,village
Toppukkollai,,Pudukkottai,,10.39120,78.88671,,village
Tottanpatti,,Pudukkottai,,10.64615,79.01759,,village
Tottiyapatti,,Pudukkottai,,10.60620,78.57410,,village
Tulukkakudi,,Pudukkottai,,10.59122,78.60879,,hamlet
Tulukkappatti,,Pudukkottai,,10.61542,78.62068,,village
Tumbottidal,,Pudukkottai,,10.06844,79.07920,,hamlet
Tuttakudi,,Pudukkottai,,10.18919,79.04937,,village
Tālichcheri,,Pudukkottai,,10.14149,78.97391,,hamlet
Uchani,,Pudukkottai,,10.45854,78.86191,,village
Udaiyamalavarayanpatti,,Pudukkottai,,10.54853,78.79179,,village
Udaiyamptti,,Pudukkottai,,10.39429,78.57175,உடையாம்பட்டி,hamlet
Udaiyarkoil,,Pudukkottai,,10.03740,79.18377,உடையார்கோவில்,hamlet
Udavalppatti,,Pudukkottai,,10.18389,78.74098,உடவலப்பட்டி,hamlet
Udayalipatti,,Pudukkottai,,10.60625,78.89615,உடையாளிப்பட்டி,village
Udayampatti,,Pudukkottai,,10.53459,78.61647,,village
Udayanpatti,,Pudukkottai,,10.47439,78.75129,,village
Udayanur,,Pudukkottai,,10.18324,78.83182,,hamlet
Ulagalandanvayal,,Pudukkottai,,10.12007,78.95585,,village
Ulaganathapuram,,Pudukkottai,,10.41672,78.82419,உலகநாதபுரம்,village
Ulagankathanpatti,,Pudukkottai,,10.64211,78.92358,,village
Ulavayal,,Pudukkottai,,10.59211,79.13280,உளவயல்,hamlet
Umayal puram,,Pudukkottai,,10.24520,78.79653,,hamlet
Unaiyur,,Pudukkottai,,10.21399,78.77802,ஊனையூர்,village
Unjinipatty,,Pudukkottai,,10.44122,78.97543,உஞ்சினிபட்டி,village
Uppiliyapatti,,Pudukkottai,,10.61757,78.48616,,village
Uppilliyapatti,,Pudukkottai,,10.40978,78.60872,உப்பிள்ளியபட்டி,hamlet
Uranipuram East,,Pudukkottai,,10.47073,79.17996,,hamlet
Uranipuram west,,Pudukkottai,,10.46388,79.17391,,hamlet
Uravikkadu,,Pudukkottai,,10.65238,78.82124,,village
Urumanadapuram,,Pudukkottai,,10.38291,78.92932,,village
Urvani,,Pudukkottai,,10.14853,78.99671,ஊர்வணி,village
Usilampatti,,Pudukkottai,,10.41788,78.56907,எம்.உசிலம்பட்டி,village
Usilampatty,,Pudukkottai,,10.19418,78.86703,உசிலம்பட்டி,hamlet
Uttappatti,,Pudukkottai,,10.32965,79.02462,,hamlet
Uvattu palampatti,,Pudukkottai,,10.30393,78.84397,உவட்டுப்பாலம்பட்டி,hamlet
V.pudur,,Pudukkottai,,10.54400,79.00924,வி.புதூர்,village
Vaandaiyaanpatti,,Pudukkottai,,10.59827,78.98320,,village
Vaariyappatti,,Pudukkottai,,10.24265,78.71374,வாரியப்பட்டி,hamlet
Vadakaattupatti,,Pudukkottai,,10.55326,78.51192,,village
Vadakaattuppatti,,Pudukkottai,,10.18544,78.88433,வடகாட்டுப்பட்டி,hamlet
Vadakadu,,Pudukkottai,,10.34304,79.05944,வடகாடு,village
Vadakkippatti,,Pudukkottai,,10.67124,78.88990,,village
Vadakkirapatti,,Pudukkottai,,10.43748,78.56923,வடக்கிபட்டி,village
Vadakku Chettiyapatty,,Pudukkottai,,10.42341,78.91033,வடக்குசெட்டியாபட்டி,village
Vadakku Chevalpatti,,Pudukkottai,,10.57595,78.47004,,village
Vadakku Kudiyiruppu,,Pudukkottai,,10.23598,78.87735,வடக்குகுடியிருப்பு,hamlet
Vadakku Melappatti,,Pudukkottai,,10.40910,78.78311,,village
Vadakku Meththappatti,,Pudukkottai,,10.55638,78.49560,,village
Vadakku Nallippatti,,Pudukkottai,,10.32737,78.81450,வடக்குநல்லிப்பட்டி,hamlet
Vadakku Ponnampatti,,Pudukkottai,,10.28701,78.85397,வடக்குபொன்னம்பட்டி,hamlet
Vadakku Ponthupuli,,Pudukkottai,,10.21030,78.88675,வடக்குபொந்துபுளி,hamlet
Vadakkuammapattinam,,Pudukkottai,,10.05022,79.24788,வடக்குஅம்மாபட்டினம்,hamlet
Vadakkumanamelkudi,,Pudukkottai,,10.05356,79.23001,வடக்குமணமேல்குடி,hamlet
Vadakkuppatti,,Pudukkottai,,10.53096,78.56360,,village
Vadakkuthuvaravayal,,Pudukkottai,,10.58722,78.74688,,village
Vadakulattuppatti,,Pudukkottai,,10.67135,78.60869,,hamlet
Vadatheru,,Pudukkottai,,10.39958,79.09744,வடதெரு,village
Vadavalam,,Pudukkottai,,10.42860,78.89123,வடவாளம்,village
Vadavalpatti,,Pudukkottai,,10.19179,78.73557,,hamlet
Vadiyakkalam,,Pudukkottai,,10.53135,78.49949,,village
Vadugappatti,,Pudukkottai,,10.61953,78.55396,வடுகப்பட்டி,village
Vadukanvayal,,Pudukkottai,,10.43105,78.80802,வடுகன்வயல்,village
Vadukapatti,,Pudukkottai,,10.49993,78.66086,,village
Vaduthavadi,,Pudukkottai,,10.59375,78.91994,,village
Vagaippatti,,Pudukkottai,,10.43907,78.77135,,village
Vagavasal,,Pudukkottai,,10.43884,78.82815,வாகவாசல்,village
Vairampatti,,Pudukkottai,,10.28731,78.65254,வைரம்பட்டி,village
Vaithikoil,,Pudukkottai,,10.49647,78.87974,,village
Vaithur,,Pudukkottai,,10.47471,78.87884,வைத்தூர்,village
Vaiyapuri,,Pudukkottai,,10.34485,78.62361,வையாபுரி,hamlet
Vaiyapurippatti,,Pudukkottai,,10.22713,78.89261,வையாபுரிப்பட்டி,hamlet
Vaiyavayal,,Pudukkottai,,10.54615,78.78594,,village
Vakakku puduppatti,,Pudukkottai,,10.64867,78.67784,,village
Valacheripatti,,Pudukkottai,,10.49331,78.97480,வலசேரிப்பட்டி,village
Valaiyanvayal,,Pudukkottai,,10.21654,78.70442,வலையன்வயல்,hamlet
Valaiyarnattam,,Pudukkottai,,10.63353,78.95591,,village
Valakollai,,Pudukkottai,,10.41225,79.00912,நைனான்கொல்லை,hamlet
Valakurichi,,Pudukkottai,,10.33738,78.65366,வாழக்குறிச்சி,village
Valamangalam,,Pudukkottai,,10.54106,78.82744,வாழமங்கலம்,village
Valangaiman,,Pudukkottai,,10.49165,78.72082,,village
Valankondanviduthi,,Pudukkottai,,10.48007,79.03507,வலங்கொண்டான்விடுதி,village
Valarmanickam,,Pudukkottai,,10.12885,78.92538,வாளரமாணிக்கம்,village
Valaseripatti,,Pudukkottai,,10.50123,79.09049,,village
Valathadipatti,,Pudukkottai,,10.57836,78.64267,,village
Valathampatti,,Pudukkottai,,10.57214,79.19356,,hamlet
Valatteru,,Pudukkottai,,10.47465,79.09830,,village
Valatteruvu,,Pudukkottai,,10.53507,78.58821,,village
Valattirakkottai,,Pudukkottai,,10.04560,78.97859,,hamlet
Valavampatti,,Pudukkottai,,10.56047,78.99025,வளவம்பட்டி,village
Valayakkudi,,Pudukkottai,,10.48627,78.63503,,village
Valayampatti,,Pudukkottai,,10.31863,78.81176,வளையம்பட்டி,village
Valayanvayal,,Pudukkottai,,9.96374,79.01011,வலையன்வயல்,hamlet
Valayapatty,,Pudukkottai,,10.43291,78.59868,,village
Valiyampatti,,Pudukkottai,,10.60427,78.84709,வாலியம்பட்டி,village
Vallakonpatti,,Pudukkottai,,10.59844,78.58301,,village
Vallathirakottai,,Pudukkottai,,10.32078,78.88637,வல்லாதிரகோட்டை,village
Vallavari,,Pudukkottai,,10.22709,79.09521,வல்லாவாரி,village
Vamban,,Pudukkottai,,10.37521,78.92876,,village
Vambarampatti,,Pudukkottai,,10.15330,78.88699,வம்பரம்பட்டி,hamlet
Vanadirayanpatti,,Pudukkottai,,10.59409,78.52718,வானதிராயன்பட்டி,village
Vandakottai,,Pudukkottai,,10.32666,78.87645,வாண்டாக்கோட்டை,village
Vandanviduthi,,Pudukkottai,,10.53055,79.12592,வாண்டான்விடுதி,village
Vandanviduthi a.d.colny,,Pudukkottai,,10.53218,79.13070,வாண்டான்விடுதி ஆ.தி. காலனி,hamlet
Vandanviduthy,,Pudukkottai,,10.38247,79.06538,வாண்டான்விடுதி,hamlet
Vangaarampatti,,Pudukkottai,,10.69513,78.69528,,hamlet
Vanganagaram,,Pudukkottai,,10.01762,79.08620,வங்கநகரம்,hamlet
Vanichiyendal,,Pudukkottai,,9.97463,79.18626,வன்னிச்சியேந்தல்,hamlet
Vannaarappatti,,Pudukkottai,,10.31036,78.73562,வன்ணாரப்பட்டி,village
Vannakkankadu,,Pudukkottai,,10.38426,79.07480,வாணக்கன்காடு,village
Vannankulattupatti,,Pudukkottai,,10.60677,78.45222,,village
Vannarapatti,,Pudukkottai,,10.52110,78.98286,வண்ணாரப்பட்டி,village
Vannarappatti,,Pudukkottai,,10.41151,78.64005,,village
Vannichi Pattinam,,Pudukkottai,,10.00196,79.21877,,hamlet
Vannichipattinam north,,Pudukkottai,,10.00421,79.21502,வன்னிச்சிபட்டினம் வடக்கு,hamlet
Vannichipattinam south,,Pudukkottai,,10.00106,79.21187,வன்னிச்சிபட்டினம் தெற்கு,hamlet
Vanniulandanvayal,,Pudukkottai,,10.21805,78.77227,ஊனையூர்,village
Vanniyampatti,,Pudukkottai,,10.54366,79.02937,,village
Varanthi,,Pudukkottai,,10.09383,79.05903,வாராந்தி,hamlet
Varappur,,Pudukkottai,,10.46418,78.97704,வாராப்பூர்,village
Varikkaapallam,,Pudukkottai,,10.27844,78.85660,வரிக்காபள்ளம்,hamlet
Varikkudi,,Pudukkottai,,9.99311,79.01865,வரிக்குடி,hamlet
Varpattu,,Pudukkottai,,10.25707,78.48334,வார்பட்டு,village
Vatakkaloor,,Pudukkottai,,10.08192,79.04620,வடக்களூர்,hamlet
Vatakku kudieruppu,,Pudukkottai,,9.86828,79.07380,வடக்கு குடியிருப்பு,hamlet
Vataseripatti,,Pudukkottai,,10.42902,78.79455,,village
Vatavatthi,,Pudukkottai,,9.99700,79.02127,வடவாத்தி,hamlet
Vathalampatti,,Pudukkottai,,10.57323,79.18040,வத்தலம்பட்டி,hamlet
Vathampatti,,Pudukkottai,,10.39242,78.57672,வத்தம்பட்டி,hamlet
Vathanakottai,,Pudukkottai,,10.56279,78.92316,வத்தனாக்கோட்டை,village
Vathanakurichi,,Pudukkottai,,10.50857,78.83875,வத்தனாக்குறிச்சி,village
Vathiripatty,,Pudukkottai,,10.47988,78.68225,,village
Vattathur,,Pudukkottai,,10.08260,79.09573,வாட்டாத்தூர்,village
Vavaneri,,Pudukkottai,,10.45563,78.66192,,village
Vayalangudi,,Pudukkottai,,10.01572,78.96192,வயலான்குடி,hamlet
Vayalmanaippatti,,Pudukkottai,,10.25887,78.72723,வயல்மனைப்பட்டி,hamlet
Vayalogam,,Pudukkottai,,10.40349,78.69269,வயலோகம்,village
Vedampatti,,Pudukkottai,,10.65090,78.61897,,hamlet
Veelimangalam,,Pudukkottai,,10.03260,79.08285,வீழிமங்களம்,village
Veelimar,,Pudukkottai,,9.87143,79.09755,வீழிமார்,village
Veeradipatti,,Pudukkottai,,10.57557,79.07105,வீரடிப்பட்டி,village
Veeradippatti,,Pudukkottai,,10.56399,79.18160,வீரடிப்பட்டி,hamlet
Veerakkudi,,Pudukkottai,,10.55819,78.87132,வீரக்குடி,village
Veeramangalam,,Pudukkottai,,10.11306,78.99638,,village
Veerampatti,,Pudukkottai,,10.64355,78.75592,,village
Veeranampatti,,Pudukkottai,,10.28629,78.67468,வீரனாம்பட்டி,village
Veerankadu,,Pudukkottai,,10.50467,78.59799,,hamlet
Veerapatti,,Pudukkottai,,10.48522,78.65898,வீரப்பட்டி,village
Veerapeumalpatti,,Pudukkottai,,10.44335,78.63400,,village
Veerappatti,,Pudukkottai,,10.62370,78.85649,,village
Veezhimar,,Pudukkottai,,9.89799,79.10549,,hamlet
Vegupatti,,Pudukkottai,,10.27269,78.56349,வேகுபட்டி,village
Velaavayal,,Pudukkottai,,10.16986,78.92528,வேலாவயல்,village
Velampatti,,Pudukkottai,,10.46081,78.68330,,village
Velankudippatty,,Pudukkottai,,10.39429,78.72846,,village
Velappudaiyaanpatti,,Pudukkottai,,10.59979,78.68627,,village
Velivayal,,Pudukkottai,,10.09167,79.10355,வெளிவயல்;வேலிவயல்,village
Veliyankudi,,Pudukkottai,,10.49438,78.61654,,village
Veliyatthur,,Pudukkottai,,10.00678,79.08921,வெளியாத்தூர்,village
Vellagudi,,Pudukkottai,,10.36516,78.62357,வெள்ளகுடி,village
Vellainavalanginattam,,Pudukkottai,,10.60649,78.49191,,village
Vellaipillayarpatti,,Pudukkottai,,10.66727,78.85617,,village
Vellaiyakkavundampatti,,Pudukkottai,,10.50212,78.52667,,village
Vellaiyakonpatti,,Pudukkottai,,10.41037,78.86961,வெள்ளையகோன்பட்டி,village
Vellaiyandipatti,,Pudukkottai,,10.29064,78.55624,வெல்லையாண்டிபட்டி,hamlet
Vellakkudi,,Pudukkottai,,10.35648,78.80894,,village
Vellalakollai,,Pudukkottai,,10.47434,79.13357,வெள்ளாளக்கொல்லை,hamlet
Vellalapatti,,Pudukkottai,,10.52980,78.56270,,village
Vellalappatti,,Pudukkottai,,10.51929,78.79974,,village
Vellalavayal,,Pudukkottai,,10.05606,78.99715,வெள்ளாளவயல்,village
Vellalaviduthi,,Pudukkottai,,10.46719,79.03040,வெள்ளாளவிடுதி,village
Vellalaviduthi Melappatti,,Pudukkottai,,10.46329,79.03753,வெள்ளாளவிடுதிமேலப்பட்டி,hamlet
Vellalaviduthy,,Pudukkottai,,10.50499,79.07965,வெள்ளாளவிடுதி,village
Vellanjar,,Pudukkottai,,10.49980,78.67473,வெள்ளஞ்சார்,village
Vellanur,,Pudukkottai,,10.45490,78.79712,வெள்ளனூர்,village
Vellattumangalam,,Pudukkottai,,10.12740,79.15752,,village
Vellayakavadampatti,,Pudukkottai,,10.40714,78.55510,வெள்ளயகவுண்டன்பட்டி,village
Vellippatti,,Pudukkottai,,10.54112,79.08008,,village
Vellukudippatti,,Pudukkottai,,10.25382,78.73133,வெள்ளுகுடிப்பட்டி,hamlet
Vellur,,Pudukkottai,,10.04468,79.18413,வெள்ளுர்,village
Vellur siruvarai,,Pudukkottai,,10.06836,79.14022,வெள்ளுர் சிறுவரை,village
Velur,,Pudukkottai,,10.61491,78.58380,வேலூர்,village
Veluvur,,Pudukkottai,,10.00200,79.06746,,village
Velvarai,,Pudukkottai,,9.93842,79.10920,,village
Velāni,,Pudukkottai,,10.06873,78.96745,வேளாணி,hamlet
Vembangudi,,Pudukkottai,,10.28393,79.12173,வெம்பாகுடி,village
Vemmani,,Pudukkottai,,10.59628,78.70687,வெம்மணி,village
Vempanpatti,,Pudukkottai,,10.54838,79.07710,,village
Vendanpatti,,Pudukkottai,,10.24925,78.51398,வேந்தன்பட்டி,village
Vengalur,,Pudukkottai,,10.19072,78.71468,வெங்களூர்,village
Vengampatti,,Pudukkottai,,10.41964,78.52935,வேங்கம்பட்டி,hamlet
Vengavayal,,Pudukkottai,,10.46591,78.81321,,village
Vengidagonpatti,,Pudukkottai,,10.50906,79.06035,,village
Vengur,,Pudukkottai,,10.14236,79.05859,,village
Venkatakulam,,Pudukkottai,,10.32461,78.92715,வேங்கிடகுளம்,village
Vennamozhiyenthal,,Pudukkottai,,10.12962,79.07176,வெண்ணாமொழியேந்தல்,hamlet
Vennampatti,,Pudukkottai,,10.68471,78.83049,,village
Vennavalkudi,,Pudukkottai,,10.30115,78.93981,வென்னாவல்குடி,village
Vennivayal,,Pudukkottai,,10.03108,79.03899,,hamlet
Veppakannipatti,,Pudukkottai,,10.44050,78.61267,,village
Veppankudi,,Pudukkottai,,10.37500,78.88336,வேப்பங்குடி,village
Vethinivayal,,Pudukkottai,,10.11293,79.09914,வேதினிவயல்,hamlet
Vethiyankudi,,Pudukkottai,,10.11595,79.12978,வேதியன்குடி,hamlet
Vettanivayal,,Pudukkottai,,10.04661,79.19091,வேட்டனிவயல்,hamlet
Vettanur,,Pudukkottai,,10.10416,79.12914,,village
Vettanviduthi,,Pudukkottai,,10.39998,79.04468,வெட்டன்விடுதி,hamlet
Vettivayal,,Pudukkottai,,9.97818,79.15056,வெட்டிவயல்,village
Vettukkaadu,,Pudukkottai,,10.21889,78.88746,வெட்டுக்காடு,hamlet
Vettukkadu,,Pudukkottai,,10.51117,78.67908,வெட்டுகாடு,village
Vettuvakkottai I,,Pudukkottai,,10.47262,79.19212,,village
Vevveyalpatti,,Pudukkottai,,10.50096,78.82759,,village
Vichoor,,Pudukkottai,,10.02175,79.20893,விச்சூர்,village
Vidathalampatti,,Pudukkottai,,10.32349,78.44543,விடதாலம்பட்டி,hamlet
Vijayapuram,,Pudukkottai,,10.18462,79.13049,,village
Vijayaragunathapuram,,Pudukkottai,,10.33567,78.84883,,village
Vijayaregunathapatti,,Pudukkottai,,10.40388,78.99837,விஜயரெகுநாதப்பட்டி,hamlet
Vilangattanppatti,,Pudukkottai,,10.30153,78.82300,விளாங்கட்டான்பட்டி,hamlet
Vilankaattoor,,Pudukkottai,,9.96100,79.04706,விளாங்காட்டூர்,hamlet
Vilanur,,Pudukkottai,,10.03191,79.07251,விளானூர்,village
Vilappatti,,Pudukkottai,,10.57488,78.71247,விளாப்பட்டி,village
Vilaripatti,,Pudukkottai,,10.51677,79.13626,விளாரிப்பட்டி,hamlet
Vilarippatti,,Pudukkottai,,10.51933,79.13508,விளாரிப்பட்டி,hamlet
Vilathuppatti,,Pudukkottai,,10.50811,78.75092,விளத்துப்பட்டி,village
Vilathur,,Pudukkottai,,10.00344,79.16541,சிறுவிளத்தூர்,hamlet
Villaarodai,,Pudukkottai,,10.62826,78.62971,,village
Vinaitheerthagopalapuram,,Pudukkottai,,10.09169,79.19558,வினைதீர்த்தகோபாலபுரம்,village
Virachilai,,Pudukkottai,,10.29550,78.70367,விராச்சிலை,village
Viradippatti,,Pudukkottai,,10.36917,78.92827,,village
Viralimalai,,Pudukkottai,,10.60227,78.54709,விராலிமலை,town
Viralippatti,,Pudukkottai,,10.64017,78.97946,விராலிப்பட்டி,village
Viralur,,Pudukkottai,,10.58424,78.53411,விராலுர்,village
Viriyanippatty,,Pudukkottai,,10.46051,78.98137,விரியனிப்பட்டி,village
Virudapatti,,Pudukkottai,,10.58171,78.47997,விருதாப்பட்டி,village
Viruthan vayal,,Pudukkottai,,10.03104,78.95179,விருதன்வயல்,hamlet
Visalur,,Pudukkottai,,10.39783,78.67558,விசலூர்,village
Visoor Therku,,Pudukkottai,,10.00985,78.97445,விசூர் தெற்கு,hamlet
Visoor vatakku,,Pudukkottai,,10.01491,78.97597,விசூர் வடக்கு,hamlet
Vittampatti,,Pudukkottai,,10.68070,78.56061,,village
Vittanilaipatti,,Pudukkottai,,10.53933,78.67567,,village
Vāniyankudiyiruppu,,Pudukkottai,,10.09824,78.98468,,village
Vīrāndān,,Pudukkottai,,10.15171,78.95438,,hamlet
Yetticheri,,Pudukkottai,,10.11944,79.07920,எட்டிச்சேரி,hamlet
Ālattivayal,,Pudukkottai,,10.03192,78.99212,,hamlet
Āndākkottai,,Pudukkottai,,10.03920,78.96005,ஆண்டாகோட்டை,hamlet
